id,domain,status,purchase_price,renewal_price,attractiveness,demand,length,registrar,created_at,expires_at,status_verified_at
59142078-7848-4788-a9b2-5f8754f1534f,bowers.condos,available,46.78,46.78,medium,low,6,spaceship,,,30/09/2026 21:44
86cef923-fdad-406f-9393-94da58346ad0,earle.condos,available,61.98,72.98,medium,low,5,namecheap,,,26/09/2026 03:17
deef446a-b657-41bc-af54-056560734ae4,legible.condos,available,58.99,58.99,high,low,7,namesilo,,,22/08/2026 22:59
e5911991-97f3-4b6e-9b95-ecbcc0a175c6,tripping.condos,available,58.99,58.99,medium,low,8,namesilo,,,23/08/2026 05:23
e78b4b23-e539-44d7-a6f9-34f61ab1542a,brendan.condos,available,48.37,48.37,medium,low,7,dynadot,,,28/09/2026 04:01
07fae364-37e4-4bda-aad0-0ab872a2bd34,fresno.condos,available,99.99,99.99,high,low,6,godaddy,,,30/09/2026 01:42
2a4695d1-005c-4ef7-badf-6899d1f1fcb2,sullen.condos,available,58.99,58.99,medium,low,6,namesilo,,,20/08/2026 15:06
c67915b9-dbd9-43cc-80fb-99dc618b9340,victories.condos,available,61.98,72.98,medium,low,9,namecheap,,,18/09/2026 09:23
075f646e-000c-4478-bdd5-5d0ff2400196,kevin.condos,available,61.98,72.98,high,medium,5,namecheap,,,25/09/2026 18:28
a1f33d94-0877-4d07-8543-88cbf6530f3a,issuer.condos,available,58.99,58.99,high,low,6,namesilo,,,30/09/2026 10:16
40514af1-2541-47d8-a87b-0d288dc5753f,filled.condos,available,61.98,72.98,high,low,6,namecheap,,,24/09/2026 18:13
034a8fe9-2295-4a1f-a467-494d1b56fbb0,iras.condos,available,58.99,58.99,high,low,4,namesilo,,,30/09/2026 22:23
47ff3764-6e7c-4ca9-8e2e-87792b18b395,instate.condos,available,71.99,,medium,low,8,name.com,,,
6c39d961-8480-4d31-be18-bc0e28cfc406,admits.condos,available,46.78,46.78,medium,low,6,spaceship,,,29/09/2026 10:40
3528dc92-6bb6-4527-86b6-5542d0afd33b,batrachian.condos,available,58.99,58.99,medium,low,10,namesilo,,,05/08/2026 20:53
391fa0a3-caba-4d2b-83a0-dcbe3ddf57da,saba.condos,available,46.78,46.78,high,low,4,spaceship,,,29/09/2026 02:04
9acb7caa-b151-4029-a38d-ae23639727d7,introduced.condos,available,58.99,58.99,high,low,10,namesilo,,,
f7c53320-5c60-427d-a279-9887699387a6,ordinance.condos,available,58.99,58.99,high,low,9,namesilo,,,09/09/2026 13:13
af144c16-cd67-4889-93f9-910f4ce8a046,eerie.condos,available,58.99,58.99,high,low,5,namesilo,,,15/08/2026 12:43
c2122627-fb26-479a-9713-8a12b7087f3d,dismount.condos,available,58.99,58.99,high,low,8,namesilo,,,24/09/2026 22:48
454ee15d-10e4-4d33-a82f-5d0e95f5c3b0,bushes.condos,available,45.2,45.2,medium,low,6,cloudflare,,,28/09/2026 23:23
10c32430-4501-4095-918f-c5ebb60e60dc,gage.condos,available,61.98,72.98,high,low,4,namecheap,,,18/08/2026 19:51
4daac3da-4260-4cd5-bf9e-8fb15b1879df,performance.condos,available,71.99,75.99,high,low,11,name.com,,,25/09/2026 16:44
cb85594e-94db-4b33-b192-1cbcda282d29,asparagus.condos,available,58.99,58.99,high,low,9,namesilo,,,20/09/2026 14:40
c6a838a3-67ef-48bc-ad6f-60bb93634da3,regulatory.condos,available,58.99,58.99,high,low,10,namesilo,,,09/09/2026 13:17
a9db99d5-d328-43ef-97e2-337ce5ee7e16,unprepared.condos,available,58.99,58.99,medium,low,10,namesilo,,,12/09/2026 17:22
89e43dd2-30ba-4402-80bb-3bf61a70b331,aldo.condos,available,46.78,46.78,high,low,4,spaceship,,,29/09/2026 04:10
164f100d-9c07-4dd2-822c-89168ea45381,associate.condos,available,58.99,58.99,high,low,9,namesilo,,,07/08/2026 06:50
f9927fff-3201-4a18-8b19-95cac057a936,excluded.condos,available,46.78,46.78,medium,low,8,spaceship,,,30/09/2026 06:16
693f0f71-fb8f-4da6-958d-5bac49fef360,stoutness.condos,available,58.99,58.99,medium,low,9,namesilo,,,04/09/2026 22:03
589f34d8-2d3d-4490-bcd3-a5d68cbbe91f,pardon.condos,available,45.2,45.2,high,low,6,cloudflare,,,29/09/2026 18:25
d37b4a4c-cd74-42c5-9891-f426ae66d88c,arbalest.condos,available,58.99,58.99,medium,low,8,namesilo,,,20/09/2026 00:33
42e563f8-111d-4c4b-be0e-44e09ef1581b,cannoneer.condos,available,58.99,58.99,medium,low,9,namesilo,,,20/09/2026 11:44
f464c197-53ee-4652-bc9b-cd2f5d36ea10,aspirer.condos,available,58.99,58.99,medium,low,7,namesilo,,,07/08/2026 05:12
67aef659-01e6-494b-96e8-6855f7196a51,jones.condos,available,58.99,58.99,high,low,5,namesilo,,,25/09/2026 00:23
f3dd91df-5ebb-4019-bf9f-5ea4cb377b0d,karaoke.condos,available,46.86,46.86,high,low,7,porkbun,,,30/09/2026 17:46
cf2f4926-8741-43fc-be77-96d5c9f6b744,harlow.condos,available,46.78,46.78,high,low,6,spaceship,,,28/09/2026 05:57
2135ebbc-922f-46c8-a1bb-ae316cbab428,trouper.condos,available,58.99,58.99,medium,low,7,namesilo,,,22/09/2026 06:54
a6f4851b-b491-4a25-98f5-df2b35a93799,provisions.condos,available,58.99,58.99,high,low,10,namesilo,,,08/09/2026 08:15
5a7bfa5c-20a7-40ec-8fd5-09b400898ac3,argiope.condos,available,58.99,58.99,medium,low,7,namesilo,,,20/09/2026 04:25
1c14a976-64e6-4990-bc68-f55135fe0711,exhusband.condos,available,58.99,58.99,medium,low,10,namesilo,,,17/08/2026 15:21
4ac21791-ba80-4b61-8e93-af40b5dbb0e8,erstwhile.condos,available,58.99,58.99,medium,low,9,namesilo,,,17/08/2026 13:05
08f83ff2-0d50-425d-b9bd-1a553da4f6d2,playback.condos,available,58.99,58.99,high,low,8,namesilo,,,29/09/2026 13:42
327e11d4-b49c-468e-a7be-e793eb103cf9,taxonomy.condos,available,48.37,48.37,high,low,8,dynadot,,,30/09/2026 03:01
97d9a735-6cf8-4d0d-80e7-ff8535cf285e,insider.condos,available,45.2,45.2,high,low,7,cloudflare,,,29/09/2026 19:20
72800a59-da61-43a0-961f-9d0339016079,factitious.condos,available,61.98,72.98,medium,low,10,namecheap,,,17/08/2026 20:27
e216c89e-be18-41de-9a07-af1ff1e100c0,spirally.condos,available,61.98,72.98,medium,low,8,namecheap,,,16/09/2026 06:13
82bd0e9b-d54b-4e53-998b-691ad6f4ec5f,amia.condos,available,61.98,72.98,high,low,4,namecheap,,,18/09/2026 21:14
b833e085-945a-4f7a-9684-a63da4279db6,correction.condos,available,58.99,58.99,medium,low,10,namesilo,,,28/09/2026 09:23
edd1f681-8738-49a1-97f5-55f921cba548,hanoverian.condos,available,58.99,58.99,high,low,10,namesilo,,,20/08/2026 23:44
93d43878-4600-47ab-967f-8cc938df97f0,settling.condos,available,48.37,48.37,high,low,8,dynadot,,,28/09/2026 20:24
e847d352-eeef-45f7-80b1-236fd9284d0d,understand.condos,available,46.78,46.78,high,low,10,spaceship,,,30/09/2026 18:59
fd3fdd83-0309-4d40-8144-d3abc8db2f83,weddings.condos,available,61.98,72.98,high,low,8,namecheap,,,20/09/2026 01:47
9bdf5335-289e-4ae3-9b34-ecfc3c564697,cello.condos,available,48.37,48.37,high,low,5,dynadot,,,30/09/2026 01:01
55640305-c983-458a-8bf3-d98872238d75,almond.condos,available,45.2,45.2,high,low,6,cloudflare,,,28/09/2026 20:40
25a64602-a2ff-49d1-8d0e-79c01bf354ee,stables.condos,available,46.78,46.78,medium,low,7,spaceship,,,28/09/2026 23:40
adf6924f-90d3-4752-81ca-60063ce22314,ligament.condos,available,58.99,58.99,high,low,8,namesilo,,,30/09/2026 10:27
2bbba51e-d3d1-442a-b278-eacdf46ca42c,costs.condos,available,46.78,46.78,high,low,5,spaceship,,,29/09/2026 11:44
c080699a-e5b2-4fe9-8c60-8fa4a43d3349,angelim.condos,available,58.99,58.99,medium,low,7,namesilo,,,19/09/2026 03:59
c13c4cf3-41da-4858-9270-4d4c45bd6e32,classic.condos,available,58.99,58.99,high,low,7,namesilo,,,12/08/2026 09:43
9809849e-ba13-42d6-b2e6-9a7e57a4be4e,diskette.condos,available,58.99,58.99,high,low,8,namesilo,,,18/08/2026 08:53
6da142b6-d5d0-42b0-a51d-aa1751045235,western.condos,available,58.99,58.99,high,low,7,namesilo,,,13/09/2026 10:56
8ab668c6-d068-44b3-af92-86264f8c577d,later.condos,available,58.99,58.99,high,low,5,namesilo,,,21/09/2026 22:11
f8d1cbb1-9ba3-4f28-95fa-5041d72c21c2,dakota.condos,available,46.78,46.78,high,low,6,spaceship,,,28/09/2026 13:51
e839701e-e41e-4831-9417-67963b85a851,moi.condos,available,58.99,58.99,high,low,3,namesilo,,,01/10/2026 01:27
a19a5830-eb51-4ba6-894a-e3ee6f66026a,adhere.condos,available,61.98,72.98,high,low,6,namecheap,,,23/09/2026 17:04
f64dd61f-8c2d-425f-8a26-aeabf44cfaf4,semisolid.condos,available,58.99,58.99,medium,low,9,namesilo,,,10/09/2026 03:26
029071d0-f6d2-4463-9ee9-5c2ea73b2a1e,skype.condos,available,,,high,medium,5,,,,
1735281c-146f-43a8-b5ae-39c03db4efa7,turbulent.condos,available,58.99,58.99,medium,low,9,namesilo,,,14/08/2026 12:26
136b7898-d434-418f-83da-5c37b2f1ea8d,defense.condos,available,46.78,46.78,high,low,7,spaceship,,,29/09/2026 13:31
fe883625-a1d7-405f-a599-57bf6e6b9d79,stew.condos,available,48.37,48.37,medium,low,4,dynadot,,,28/09/2026 09:50
d888b683-fb03-42fb-9774-dd644d8931ef,farrell.condos,available,58.99,58.99,medium,low,7,namesilo,,,25/09/2026 05:20
47e80b4a-862d-46e3-9dd4-15c45e2cf7d0,fling.condos,available,58.99,58.99,high,low,5,namesilo,,,29/09/2026 15:22
d475cf69-2382-4fb4-be61-04fb517642e4,wetter.condos,available,58.99,58.99,high,low,6,namesilo,,,22/09/2026 23:07
d4d067a3-705b-4f1e-8e69-eb3726f23b2a,grandparent.condos,available,58.99,58.99,high,low,11,namesilo,,,19/09/2026 04:27
03945a9c-cf78-4f9d-a635-45fdf221f046,tragedy.condos,available,58.99,58.99,medium,low,7,namesilo,,,24/09/2026 11:39
e15cedbf-1382-4c95-a8c5-ffdb41e1a0bb,iwo.condos,available,48.37,48.37,medium,low,3,dynadot,,,29/09/2026 19:21
0895a65a-ad63-4faa-8a16-7428af0cd176,solidified.condos,available,58.99,58.99,medium,low,10,namesilo,,,10/09/2026 13:41
fd977cc5-828b-4e1f-bd32-a77a76938d04,blades.condos,available,71.99,,high,low,6,name.com,,,
63cb16be-45de-4146-85b5-f36711eb735c,collars.condos,available,58.99,58.99,medium,low,7,namesilo,,,20/09/2026 09:10
fc528182-7bb5-4142-8230-4f6141d9ba4e,dorm.condos,available,58.99,58.99,high,low,4,namesilo,,,24/09/2026 23:35
92c2ed89-8717-4370-9bc1-0e9d142420a2,solitary.condos,available,58.99,58.99,high,low,8,namesilo,,,24/08/2026 08:55
e4a138a3-5023-4f8c-96c8-b36dc110b645,adopt.condos,available,46.78,46.78,high,low,5,spaceship,,,28/09/2026 03:18
92d26c4d-3fa0-4bee-8efc-ad11800b1ee8,probable.condos,available,58.99,58.99,high,low,8,namesilo,,,27/09/2026 06:59
0c6d4577-a415-4f35-8530-e512dcb7cfea,munition.condos,available,58.99,58.99,medium,low,8,namesilo,,,20/09/2026 07:44
0ecf97ae-17e0-453a-ac98-6da094cc052f,ban.condos,available,58.99,58.99,high,low,3,namesilo,,,18/08/2026 11:10
c7a9cfed-034a-48ea-a370-994afdf1dfc0,faraway.condos,available,58.99,58.99,high,low,7,namesilo,,,17/08/2026 22:14
3a6e8755-ed84-4995-bf82-0ccf5b9f4763,dave.condos,available,58.99,58.99,high,low,4,namesilo,,,
f01e6514-0d29-456c-9405-51497e592ae6,dances.condos,available,58.99,58.99,high,low,6,namesilo,,,
b7b82855-6d7a-4e49-a6d7-f8e87ade7cea,floats.condos,available,48.37,48.37,medium,low,6,dynadot,,,29/09/2026 23:46
c96f8809-d1a2-4651-9b9c-f1388dd38bc4,sodomy.condos,available,58.99,58.99,medium,low,6,namesilo,,,19/09/2026 01:34
8264c613-c977-4da9-8d23-8ed57281780a,cornish.condos,available,58.99,58.99,high,low,7,namesilo,,,13/08/2026 01:42
4991c641-21e3-4d06-8631-e51282681789,actin.condos,available,58.99,58.99,medium,low,5,namesilo,,,17/09/2026 04:37
5e5e831a-3106-47ff-9448-b9f5d05ffa15,salmagundi.condos,available,58.99,58.99,medium,low,10,namesilo,,,25/08/2026 08:22
526d8ed4-c3da-4be1-9c49-7a6ff2d7f988,boyle.condos,available,58.99,58.99,high,low,5,namesilo,,,25/09/2026 02:02
1c7375b8-d313-4d27-8116-0c54f4e63dbc,pratt.condos,available,58.99,58.99,high,low,5,namesilo,,,25/09/2026 12:12
ee1c1923-9b11-4519-a15d-4c9e4b2d7833,barricade.condos,available,58.99,58.99,medium,low,9,namesilo,,,22/09/2026 08:32
c475284a-70f3-407f-b5f4-13c23967c030,jimmy.condos,available,46.78,46.78,high,low,5,spaceship,,,30/09/2026 00:48
8355b6bc-3f38-4f2a-86d6-4159cc43af42,aerides.condos,available,58.99,58.99,medium,low,7,namesilo,,,17/09/2026 12:51
717ddb27-7d52-4d93-817a-6f1dac0417cc,basely.condos,available,58.99,58.99,medium,low,6,namesilo,,,13/09/2026 23:35
7727b0d8-c899-4734-8e2e-05476374bf2f,fissile.condos,available,58.99,58.99,medium,low,7,namesilo,,,18/08/2026 05:34
189846f0-eaba-4f2c-99a0-0fdc6070a796,aphakia.condos,available,58.99,58.99,medium,low,7,namesilo,,,19/09/2026 16:51
b5495513-e3cb-4494-b071-91ccf1e275ec,bombed.condos,available,45.2,45.2,medium,low,6,cloudflare,,,28/09/2026 16:00
607bb5fc-4b0b-49e0-9b84-0667fb61ff78,adust.condos,available,58.99,58.99,medium,low,5,namesilo,,,
70c20007-87a2-46ce-9f58-98c9cf1f1623,conk.condos,available,61.98,72.98,medium,low,4,namecheap,,,17/08/2026 21:08
afeab94d-5d13-4cf2-a4b4-a00390443928,asses.condos,available,45.2,45.2,medium,low,5,cloudflare,,,30/09/2026 15:16
86394569-7af3-41b3-9c2b-9ea055b962fc,sealing.condos,available,45.2,45.2,high,low,7,cloudflare,,,30/09/2026 18:36
eb0763a0-cf22-43e7-a86f-be6b5b29c0b3,productive.condos,available,61.98,72.98,high,low,10,namecheap,,,18/08/2026 21:26
0c38293c-8e0d-4d82-986b-d0e181778536,parachute.condos,available,58.99,58.99,high,low,9,namesilo,,,28/09/2026 13:43
bc62a78a-55e6-425f-86f7-7f4825595d9a,bakunin.condos,available,61.98,72.98,medium,low,7,namecheap,,,21/09/2026 20:26
546e8ef4-dcee-4d6c-9849-1297d6e6e814,taxation.condos,available,48.37,48.37,high,low,8,dynadot,,,30/09/2026 10:13
2a012d7d-366d-45cc-b994-519b9266f636,sundress.condos,available,58.99,58.99,high,low,8,namesilo,,,30/09/2026 12:21
df5dcfed-b137-48e0-bedd-6e65a87f2d64,ferric.condos,available,58.99,58.99,medium,low,6,namesilo,,,18/08/2026 02:07
4fb2587c-ecda-4089-99e3-a01d04509d66,marion.condos,available,61.98,72.98,high,low,6,namecheap,,,25/09/2026 14:37
32cf11c6-793e-4a48-a784-023a6ad7dfb7,herds.condos,available,61.98,72.98,medium,low,5,namecheap,,,19/09/2026 20:40
e1fe3ea8-9625-4dc3-bb2f-7b3d83dd8e32,darter.condos,available,61.98,72.98,medium,low,6,namecheap,,,19/09/2026 08:19
1625fa52-eb55-4c40-82a2-27951ea66a10,skint.condos,available,58.99,58.99,medium,low,5,namesilo,,,11/08/2026 05:21
0a165886-bafa-45d1-accd-813c57e1417d,doll.condos,available,58.99,58.99,high,low,4,namesilo,,,25/09/2026 04:37
1b8276ad-fa24-47bc-b265-1d486e97d73a,poets.condos,available,58.99,58.99,medium,low,5,namesilo,,,28/09/2026 22:26
07d24b07-651a-4025-b309-3e86f6502ec6,puddle.condos,available,58.99,58.99,high,low,6,namesilo,,,13/09/2026 09:43
28bb3e45-1f1e-475a-ac33-d40df7828ee6,audiology.condos,available,58.99,58.99,medium,low,9,namesilo,,,21/09/2026 02:56
04268895-a710-4e74-969b-d7e19fb9bd78,formula.condos,available,45.2,45.2,high,low,7,cloudflare,,,28/09/2026 08:04
1457bc28-67a1-4e09-b3c2-f392db495ce6,bayes.condos,available,61.98,72.98,high,low,5,namecheap,,,22/09/2026 18:03
dce07fd1-d4f9-4f2f-8a77-d1d4eb3dacba,inevitably.condos,available,58.99,58.99,medium,low,10,namesilo,,,15/09/2026 08:09
39e41851-e31f-489b-b609-4cc0d5f103de,livonia.condos,available,99.99,99.99,medium,low,7,godaddy,,,30/09/2026 02:09
6bbf4c80-51fd-4165-82c1-39b08e16c5b0,agnatha.condos,available,61.98,72.98,medium,low,7,namecheap,,,17/09/2026 18:31
e34de14b-527c-442e-a8d6-5b957c601d22,avoid.condos,available,58.99,58.99,high,low,5,namesilo,,,13/09/2026 06:44
6876e6fe-6387-4d79-9462-3cb8d60a9209,sublingual.condos,available,58.99,58.99,medium,low,10,namesilo,,,11/09/2026 00:14
03295fc5-7138-49eb-9375-48b9fbc000be,nickelodeon.condos,available,71.99,,high,low,11,name.com,,,
a1f3b617-6dca-449e-9571-74c7140a13e1,trophic.condos,available,61.98,72.98,high,low,7,namecheap,,,11/09/2026 20:22
e7b8e8ff-2649-43ad-b0da-f54933aca1e1,dancing.condos,available,58.99,58.99,high,low,7,namesilo,,,25/09/2026 04:44
e4bbd555-815d-4339-a17e-d130ec4249c2,campana.condos,available,61.98,72.98,high,low,7,namecheap,,,23/09/2026 05:51
43162d92-8d1b-49eb-8297-5a6214474b25,backseat.condos,available,71.99,75.99,high,low,8,name.com,,,21/09/2026 15:49
94dfb3c8-6e8b-4e12-a11a-42887827de84,macaronic.condos,available,58.99,58.99,medium,low,9,namesilo,,,24/08/2026 12:44
a07708c1-4789-4c2f-b8dd-4841366aceb3,thready.condos,available,58.99,58.99,medium,low,7,namesilo,,,18/08/2026 04:08
a93bec54-dbb7-4902-99db-85d3ab0b22e9,hag.condos,available,58.99,58.99,high,low,3,namesilo,,,23/09/2026 04:44
df7ea47f-1faf-4fb9-8533-a1390eee0025,absolved.condos,available,58.99,58.99,high,low,8,namesilo,,,
3741aee2-9843-47af-9555-e0d23d4f23c5,maimed.condos,available,58.99,58.99,medium,low,6,namesilo,,,24/08/2026 13:20
eecf590d-5a41-4870-8bf9-baf9a926650a,amniotic.condos,available,61.98,72.98,medium,low,8,namecheap,,,
d45fbdbf-1a8b-458a-8547-325bf25a4cd0,fivefold.condos,available,58.99,58.99,medium,low,8,namesilo,,,18/08/2026 05:56
5ad138cc-d77c-4997-beea-e29f00b4d05f,evasion.condos,available,45.2,45.2,high,low,7,cloudflare,,,29/09/2026 18:40
7541ad87-1a03-4729-a508-39f669c70d95,goddamn.condos,available,58.99,58.99,medium,low,7,namesilo,,,10/08/2026 12:46
b3e2a580-85db-496c-beb7-5607270ea6c4,flavorless.condos,available,58.99,58.99,medium,low,10,namesilo,,,10/08/2026 12:57
f4f6c41a-b10b-4ea2-ac14-0090e6372f9f,intent.condos,available,58.99,58.99,high,low,6,namesilo,,,
af1ac68b-6954-4273-871b-88b1ee9b1c60,alexandria.condos,available,58.99,58.99,high,low,10,namesilo,,,18/09/2026 06:02
d0e0de22-bf54-41fa-ac17-734ddfe75aee,passive.condos,available,58.99,58.99,high,low,7,namesilo,,,27/09/2026 02:56
a341f899-b585-4eab-9359-f3951ae8a512,excites.condos,available,58.99,58.99,medium,low,7,namesilo,,,20/09/2026 13:19
310c0525-0552-40ad-89fc-f17aa0c3c7bf,mendoza.condos,available,58.99,58.99,medium,low,7,namesilo,,,27/09/2026 07:53
32767557-af4e-452d-bf5c-dff9c6221bd2,ducky.condos,available,71.99,75.99,high,low,5,name.com,,,13/08/2026 18:23
587520ad-67f8-42f9-8b01-42613d1c337b,cortlandt.condos,available,58.99,58.99,medium,low,9,namesilo,,,30/09/2026 22:25
f11bf281-5553-49f1-81ee-7e1517512d48,strapping.condos,available,58.99,58.99,medium,low,9,namesilo,,,09/08/2026 08:02
e098c0df-ec86-4948-943f-775f748d9922,welfare.condos,available,58.99,58.99,high,low,7,namesilo,,,08/09/2026 03:13
36271bc1-8f0c-4c68-b778-7d60c07169c7,lamps.condos,available,58.99,58.99,medium,low,5,namesilo,,,29/09/2026 11:04
ea4db263-f792-4d50-afa9-07923b2116a2,wobbling.condos,available,58.99,58.99,medium,low,8,namesilo,,,13/09/2026 12:52
31b87515-3d79-4615-84e8-3fa486c46056,optics.condos,available,58.99,58.99,high,low,6,namesilo,,,30/09/2026 10:39
162ad690-5e36-43dd-8309-48de9cbe1b17,congrats.condos,available,58.99,58.99,high,low,8,namesilo,,,
9d6ce351-1885-47a4-9b50-deed90fb20f9,depicted.condos,available,58.99,58.99,medium,low,8,namesilo,,,14/08/2026 02:12
ca43bde3-d714-4289-af09-fd845dba6d4d,nelson.condos,available,58.99,58.99,high,low,6,namesilo,,,17/09/2026 08:49
69ac147f-dffb-4609-8ad1-736c8b2198dd,underwear.condos,available,58.99,58.99,high,low,9,namesilo,,,30/09/2026 14:15
c7be3f88-01f9-4683-b957-000ba5437c43,alcaeus.condos,available,58.99,58.99,medium,low,7,namesilo,,,18/09/2026 03:40
a3b4de2d-7c10-467a-a1e6-7c689af6f2bc,hybrids.condos,available,46.78,46.78,medium,low,7,spaceship,,,30/09/2026 14:39
c694def9-b648-477b-856b-3c70b43dbdf2,consistent.condos,available,58.99,58.99,high,low,10,namesilo,,,12/08/2026 16:01
50378c26-29ad-4b8a-a322-981e557c7218,enwrapped.condos,available,58.99,58.99,medium,low,9,namesilo,,,
15247281-7787-40c2-a1ad-949af33e4a8b,summarizing.condos,available,61.98,72.98,medium,low,11,namecheap,,,17/09/2026 10:36
6fbbfc95-f3f1-4f46-821a-2516f1db1d75,bpm.condos,available,58.99,58.99,high,low,3,namesilo,,,22/09/2026 21:53
77b737ae-99de-4449-8f1b-fbb8f2ec208a,hushed.condos,available,58.99,58.99,high,low,6,namesilo,,,21/08/2026 15:54
9eb8cf95-a03e-4d24-8fde-72963db17432,bitstock.condos,available,71.99,75.99,medium,low,8,name.com,,,23/09/2026 22:47
3d42a997-e0c6-4776-ac49-88bd172b78b5,ferret.condos,available,58.99,58.99,high,low,6,namesilo,,,23/09/2026 23:49
391c5d72-163d-4f0c-bbbc-5ea242e9f76d,turpin.condos,available,45.2,45.2,medium,low,6,cloudflare,,,01/10/2026 01:44
b02a6092-df8c-420d-b1ee-2a259074759d,monaural.condos,available,58.99,58.99,medium,low,8,namesilo,,,25/08/2026 04:20
3077c5b5-eea5-4b98-a5cd-d40f59526d15,instore.condos,available,58.99,58.99,high,low,8,namesilo,,,
e1fd524b-8250-4ab3-9e00-8e79da83a8e1,allowed.condos,available,58.99,58.99,high,low,7,namesilo,,,
96f8c3f4-f228-48f5-a51d-e14716c88c12,contained.condos,available,58.99,58.99,high,low,9,namesilo,,,23/09/2026 21:42
39148bd1-ddf2-42bd-82d7-21ac6bc71feb,refractive.condos,available,58.99,58.99,medium,low,10,namesilo,,,13/08/2026 23:32
3fc8712a-e1c3-4075-b205-9549e2517fd9,blacklist.condos,available,58.99,58.99,high,low,9,namesilo,,,24/09/2026 00:17
5f5d6422-9f9b-4d60-8744-d7d314d3b599,descending.condos,available,45.2,45.2,medium,low,10,cloudflare,,,28/09/2026 21:15
0c6aa628-b159-4004-a82f-b90815930ad5,helmet.condos,available,58.99,58.99,high,low,6,namesilo,,,25/09/2026 23:05
2c0d8f7a-4a47-43c7-85d9-9eee06b511b3,detention.condos,available,58.99,58.99,high,low,9,namesilo,,,27/09/2026 12:53
62bf6fb8-74c2-46f2-991e-412f0b1fa4f2,defend.condos,available,58.99,58.99,high,low,6,namesilo,,,23/09/2026 13:40
467b48c4-95cb-4af9-a1db-c3d0b725a264,myopic.condos,available,58.99,58.99,medium,low,6,namesilo,,,03/09/2026 12:14
451c19e7-5a9f-455f-8be4-d77292a92f96,toothy.condos,available,58.99,58.99,medium,low,6,namesilo,,,11/09/2026 17:20
35ac442d-b9e1-4b40-b2aa-c619d6ae9b9d,chairperson.condos,available,58.99,58.99,high,low,11,namesilo,,,
040dcea2-99f5-451c-b742-844d1709335a,priority.condos,available,58.99,58.99,high,low,8,namesilo,,,19/09/2026 12:40
3893f6b0-9748-4b51-931b-71be33dd8b04,barmaid.condos,available,58.99,58.99,high,low,7,namesilo,,,22/09/2026 06:36
26a7c15e-7dea-4d26-8f43-4854d0512b3d,operation.condos,available,58.99,58.99,high,low,9,namesilo,,,30/09/2026 02:52
8aad617d-bbd8-4201-b27e-9d89b72b467a,bigfoot.condos,available,58.99,58.99,high,low,7,namesilo,,,23/09/2026 15:06
1ff06e5d-f6de-43db-b975-3f1f7dadcb43,mayor.condos,available,61.98,72.98,high,low,5,namecheap,,,24/09/2026 15:10
4443efd5-71f3-4fc6-9dbd-d8b000605800,patron.condos,available,46.78,46.78,high,low,6,spaceship,,,28/09/2026 14:14
c564da49-0970-4de2-9f5f-c39c374fdfd6,courses.condos,premium,128.7,128.7,high,low,7,namecheap,,,
7c60949e-a0da-4f74-ae8e-b4a368413cc2,breathe.condos,available,46.78,46.78,high,low,7,spaceship,,,30/09/2026 16:28
b13203af-278d-494f-bb27-f223e3054194,annelida.condos,available,58.99,58.99,medium,low,8,namesilo,,,19/09/2026 10:23
93721ec0-1916-4ebe-b452-3a7ba71c7e89,vendor.condos,available,61.98,72.98,high,low,6,namecheap,,,28/09/2026 02:42
0d428ead-4213-4f10-9fb7-caf7e1ea014b,specially.condos,available,46.78,46.78,medium,low,9,spaceship,,,28/09/2026 14:42
67807b70-0e37-4c9d-a681-7cdfff09cb61,yamamoto.condos,available,61.98,72.98,medium,low,8,namecheap,,,28/09/2026 19:31
eef00152-c0d6-4b54-8b7d-0501b4272c3f,melinda.condos,available,61.98,72.98,medium,low,7,namecheap,,,28/09/2026 21:22
20c3688b-af3e-428e-99f7-604f56d9cae0,verbally.condos,available,61.98,72.98,medium,low,8,namecheap,,,16/09/2026 10:50
63a455ac-1af6-460b-86fa-0e47e1578d0d,throwaway.condos,available,58.99,58.99,medium,low,9,namesilo,,,11/08/2026 05:13
7a4b65c8-e557-43d0-9aa9-6b68c41be0fe,anova.condos,available,58.99,58.99,high,low,5,namesilo,,,19/09/2026 01:59
e5aa2b8e-59c7-448b-8b3d-52bd1daa2dda,consequent.condos,available,58.99,58.99,high,low,10,namesilo,,,
1e5a8567-b20c-4285-88ca-ffb22680133e,polynesian.condos,available,58.99,58.99,high,low,10,namesilo,,,24/08/2026 13:48
7b9ff64a-ef58-4b53-833a-cffde12a03a1,westminster.condos,available,58.99,58.99,high,low,11,namesilo,,,
9047f578-a443-4eb5-ad7f-2fb890256537,walked.condos,available,58.99,58.99,medium,low,6,namesilo,,,18/09/2026 01:20
9305d73e-6fe4-477b-af4f-0bec82e64db3,grants.condos,available,58.99,58.99,high,low,6,namesilo,,,29/09/2026 09:56
ee6b1855-376a-4989-ba71-463860b3c1f6,breslau.condos,available,46.78,46.78,medium,low,7,spaceship,,,28/09/2026 18:29
c038db78-0398-477b-b46c-0a58ab70c48c,new.condos,premium,854,854,high,medium,3,namesilo,,,24/09/2026 21:46
c418e8d2-0762-461f-92e4-96ff3726d710,fantasies.condos,available,58.99,58.99,low,low,9,namesilo,,,28/09/2026 23:52
8a78350b-822f-4fc3-910c-1be26cc080f2,impulse.condos,available,58.99,58.99,high,low,7,namesilo,,,29/09/2026 07:26
72d80d30-c8dd-4505-87a9-37314533ae51,epilepsy.condos,available,58.99,58.99,high,low,8,namesilo,,,30/09/2026 01:32
a070b75e-05bd-439e-8b33-084af84e4928,gps.condos,available,61.98,72.98,high,medium,3,namecheap,,,29/09/2026 01:05
9f0ad919-fc06-4261-9dee-37a04748c7e1,conjoined.condos,available,58.99,58.99,medium,low,9,namesilo,,,12/08/2026 22:03
2bd55272-c211-4965-a832-b746edacce5c,neutered.condos,available,58.99,58.99,medium,low,8,namesilo,,,03/09/2026 16:35
a47e499a-7472-4040-a653-96533697beae,relational.condos,available,58.99,58.99,high,low,10,namesilo,,,09/09/2026 13:20
3754a061-1e94-459c-b712-64f872850e3f,exempt.condos,available,58.99,58.99,high,low,6,namesilo,,,17/08/2026 17:02
40030e0e-e0d9-4338-b28b-26a92b0caa80,molten.condos,available,58.99,58.99,high,low,6,namesilo,,,25/08/2026 03:57
9e10eb61-1dad-4c2e-ac0e-c0b499d195c6,inherited.condos,available,58.99,58.99,high,low,9,namesilo,,,18/08/2026 21:33
341d4106-3237-46e8-a6de-0f01231485f9,nazareth.condos,available,58.99,58.99,high,low,8,namesilo,,,01/10/2026 03:03
efc7ef38-2c7b-4468-92b9-e5f75b0e90e2,anatolia.condos,available,58.99,58.99,high,low,8,namesilo,,,19/09/2026 03:30
b98ffe82-14ec-4b93-b0bd-b361e988dea2,guadalupe.condos,available,58.99,58.99,medium,low,9,namesilo,,,25/09/2026 15:36
5e11901b-80c1-44a8-9bc9-ea1f9432a46e,feather.condos,available,45.2,45.2,high,low,7,cloudflare,,,29/09/2026 19:02
440aa77b-6eef-4c9f-aa02-e50d1f91a408,piggish.condos,available,58.99,58.99,medium,low,7,namesilo,,,21/08/2026 10:18
6cdd954d-567e-4ad1-b10f-492d887647b0,membership.condos,available,61.98,72.98,high,low,10,namecheap,,,28/09/2026 06:23
f2b74bd0-5614-4f1a-94a6-a40cea6ee84e,corpus.condos,available,58.99,58.99,high,low,6,namesilo,,,30/09/2026 16:48
4fe58282-e2e0-449c-945e-962735b8c1b2,calorific.condos,available,58.99,58.99,medium,low,9,namesilo,,,11/08/2026 15:12
470fe47c-1956-4071-92f5-163ea4b4114c,provocative.condos,available,48.37,48.37,high,low,11,dynadot,,,29/09/2026 08:33
6059e83b-23bc-4cac-ab8d-fca5006834aa,cruelty.condos,available,61.98,72.98,medium,low,7,namecheap,,,24/09/2026 19:49
dd36b579-6fe4-4c0d-a78f-ae6649bda7c1,xxviii.condos,available,58.99,58.99,medium,low,6,namesilo,,,
a455b91e-e5f9-41f0-86e8-f55f4668112c,delusions.condos,available,58.99,58.99,low,low,9,namesilo,,,30/09/2026 23:37
a8cc798e-c686-4756-b4fe-7b134878ea17,poised.condos,available,58.99,58.99,high,low,6,namesilo,,,17/08/2026 11:38
a84a02b4-cab8-407f-93e7-929440597794,statuary.condos,available,61.98,72.98,medium,low,8,namecheap,,,10/09/2026 19:16
91f92d17-6ac5-48fb-b0f2-6ea06546d7ef,urn.condos,available,46.78,46.78,high,low,3,spaceship,,,30/09/2026 11:16
3bc14561-4114-4041-9f77-ac6eb3382a5e,invaluable.condos,available,61.98,72.98,high,low,10,namecheap,,,25/09/2026 11:01
9c803e14-0827-4ab4-baed-c212e21967f7,naughty.condos,available,61.98,72.98,high,low,7,namecheap,,,18/08/2026 20:00
49d6af14-d5f6-403a-86a9-346b75499875,amiss.condos,available,58.99,58.99,medium,low,5,namesilo,,,
5d3830f1-290d-459f-9bdf-55b24ef3e966,conic.condos,available,61.98,72.98,high,low,5,namecheap,,,12/08/2026 20:39
c9ee0869-feb6-4590-a634-f888c2bd8135,bruce.condos,available,46.78,46.78,high,low,5,spaceship,,,29/09/2026 04:43
f8b3d7b8-5957-4154-a254-21a88476ab25,camel.condos,available,58.99,58.99,high,low,5,namesilo,,,28/09/2026 01:20
fb6e649a-2658-41fc-b695-bda0dbaf9c2f,higgs.condos,available,58.99,58.99,high,low,5,namesilo,,,29/09/2026 14:20
7c399d61-850f-4b9c-a61c-78c28176b9cc,valueless.condos,available,58.99,58.99,medium,low,9,namesilo,,,13/09/2026 01:01
c247dd78-1e6d-49fd-b8bf-b8ab3e73e0b0,technetium.condos,available,58.99,58.99,medium,low,10,namesilo,,,20/09/2026 23:06
0767eee3-35ba-4d68-9bac-f2099d08116a,craftily.condos,available,58.99,58.99,medium,low,8,namesilo,,,14/09/2026 09:00
758e1a3e-d19e-4c63-8b62-57d89888bbf3,rhombic.condos,available,58.99,58.99,medium,low,7,namesilo,,,09/09/2026 16:43
a46e33ba-1a0b-48d0-aef3-40b36d1411dd,graven.condos,available,58.99,58.99,medium,low,6,namesilo,,,17/08/2026 07:43
87d05ba4-0209-4418-8023-1a74c8e1dfc4,polished.condos,available,58.99,58.99,high,low,8,namesilo,,,24/08/2026 23:10
22926b22-a10b-491a-8a56-c2ab93b366b3,muddled.condos,available,58.99,58.99,medium,low,7,namesilo,,,03/09/2026 10:22
f5ba1e85-cdc6-45f1-8d6b-7991f80fd87c,overtime.condos,available,45.2,45.2,high,low,8,cloudflare,,,28/09/2026 16:30
75d35880-de70-4960-ba65-266632931a6b,frustrating.condos,available,45.2,45.2,medium,low,11,cloudflare,,,29/09/2026 14:46
200e5c8f-f698-41e7-8dd3-a48ca72e3371,strauss.condos,available,45.2,45.2,high,low,7,cloudflare,,,29/09/2026 13:12
1bbeadb3-dd05-4596-9e66-e81eef546c2b,skirting.condos,available,61.98,72.98,high,low,8,namecheap,,,20/09/2026 08:31
6b1be52b-0dab-4ac7-8b58-d831e78e9c91,unary.condos,available,58.99,58.99,high,low,5,namesilo,,,12/09/2026 01:06
1e7c5a7c-fd51-4483-9e49-306c44b592fb,underived.condos,available,58.99,58.99,medium,low,9,namesilo,,,12/09/2026 07:29
7b77fb40-83fd-4964-b967-aa96b77a86f2,moonless.condos,available,58.99,58.99,medium,low,8,namesilo,,,25/08/2026 05:54
ba63c2fe-5246-458b-a76f-f0c955beecc0,correlate.condos,available,58.99,58.99,high,low,9,namesilo,,,23/09/2026 23:49
ea1cd62a-caa1-41b9-ab8d-049937871e19,reliably.condos,available,58.99,58.99,high,low,8,namesilo,,,14/09/2026 11:46
e5ac5510-5543-447f-95a3-dad362098626,adonic.condos,available,58.99,58.99,medium,low,6,namesilo,,,
73ad9752-06b9-45ec-a060-572c6de5034d,incidentally.condos,available,46.78,46.78,medium,low,12,spaceship,,,28/09/2026 21:17
922133f4-ffc6-48c2-879f-c1899014fe75,quickset.condos,available,61.98,72.98,medium,low,8,namecheap,,,09/09/2026 08:43
3d2db639-f510-474a-93be-edfb9a06b2ff,goosefish.condos,available,58.99,58.99,medium,low,9,namesilo,,,18/09/2026 11:40
75932805-3521-4913-aab2-52905bcbd484,climb.condos,available,58.99,58.99,high,low,5,namesilo,,,16/09/2026 22:41
adba2ccf-9df0-4e6e-90e7-60833fe29493,langer.condos,available,58.99,58.99,medium,low,6,namesilo,,,29/09/2026 02:56
81eb71f4-af7c-49e7-82fb-8c4f36c4a2f2,fulfill.condos,available,46.78,46.78,high,low,7,spaceship,,,28/09/2026 15:34
02eb407b-2904-4d8c-a583-f4f6cbd24648,linking.condos,available,58.99,58.99,high,low,7,namesilo,,,29/09/2026 08:52
15ba9c51-70c4-4257-980a-21709f8b2b4a,woolf.condos,available,61.98,72.98,medium,low,5,namecheap,,,17/09/2026 07:19
3d3898f4-0438-41dd-b82c-7201e8a0cb2c,tokens.condos,available,58.99,58.99,high,medium,6,namesilo,,,19/09/2026 22:34
31479fb4-9675-4851-a253-330c8eb2d459,parole.condos,available,46.78,46.78,high,low,6,spaceship,,,28/09/2026 05:28
8f224326-04ae-40d8-950e-2381f988909d,ferries.condos,available,58.99,58.99,medium,low,7,namesilo,,,20/09/2026 07:40
9b718803-da44-4201-8f89-eab0aa702cb9,chatting.condos,available,46.78,46.78,high,low,8,spaceship,,,30/09/2026 16:02
ea0d842d-c39c-4a31-bb0c-82fe63ce1ec3,chopra.condos,available,58.99,58.99,medium,low,6,namesilo,,,30/09/2026 16:13
7879052c-0e1c-418d-b556-ceee4455dee2,certificate.condos,available,58.99,58.99,high,low,11,namesilo,,,
0ebe5125-802f-41da-8612-6abe19d97aad,eroded.condos,available,58.99,58.99,medium,low,6,namesilo,,,17/08/2026 12:24
e3186630-607a-41f4-a2cc-ada4f8f85267,rewarding.condos,available,71.99,75.99,high,low,9,name.com,,,27/09/2026 14:47
5375b712-40df-4732-888c-9799a7fa6bf5,pergamon.condos,available,46.78,46.78,medium,low,8,spaceship,,,29/09/2026 22:24
c2c14a79-b7d3-4a78-9553-aa58f9774717,leaking.condos,available,48.37,48.37,high,low,7,dynadot,,,29/09/2026 08:44
f930e3bd-0f8a-4180-9252-115e4b0cc385,abram.condos,available,46.78,46.78,high,low,5,spaceship,,,28/09/2026 15:50
36591cf7-fab0-415a-9228-e41e0766ff26,hadley.condos,available,58.99,58.99,medium,low,6,namesilo,,,27/09/2026 20:44
e2a3db32-85fa-4867-8839-fdb56aa8a116,gregory.condos,available,61.98,72.98,high,low,7,namecheap,,,19/09/2026 06:00
fd957e89-e44f-45d5-8754-17f2759c2b35,emmett.condos,available,58.99,58.99,medium,low,6,namesilo,,,28/09/2026 08:01
4e60068b-ae9f-412b-bb15-476c85048f48,tethered.condos,available,58.99,58.99,medium,low,8,namesilo,,,11/09/2026 12:10
3d3783f5-8948-4e35-b449-60d8d7efe25c,raspy.condos,available,61.98,72.98,medium,low,5,namecheap,,,20/08/2026 18:31
bcff21cf-1e99-4d17-b19e-e3bef9f237bc,hebridean.condos,available,58.99,58.99,medium,low,9,namesilo,,,21/08/2026 05:45
ca5bdf69-a170-4490-839f-d9d1a8eb3079,hackmatack.condos,available,58.99,58.99,medium,low,10,namesilo,,,22/09/2026 00:09
a87c98d2-a7a2-44a9-ad72-1dd06776fd9b,edgerton.condos,available,48.37,48.37,medium,low,8,dynadot,,,30/09/2026 13:45
f9df780b-db8b-4961-b4b9-5a9ef08de832,golan.condos,available,99.99,99.99,medium,low,5,godaddy,,,30/09/2026 01:46
cac8940b-b1d2-43aa-95c1-e32db86af209,king.condos,resell,,,high,medium,4,,,,28/09/2026 23:59
d4b46c22-06a5-4bcd-97d1-236746a478b5,affiliate.condos,available,48.37,48.37,high,low,9,dynadot,,,28/09/2026 19:17
fd8444a1-becb-4388-aff1-f19bc938fcdc,chihuahua.condos,available,58.99,58.99,high,low,9,namesilo,,,24/09/2026 14:33
c9a54faf-b877-46ba-8c68-e55c73dfe425,kale.condos,available,58.99,58.99,high,low,4,namesilo,,,24/09/2026 06:48
60fea58f-bcfd-45fd-ac8a-2f1a37ada4c0,illuminated.condos,available,58.99,58.99,high,low,11,namesilo,,,
42880d5c-fef7-408e-a149-743fc5acf5f9,organisations.condos,available,58.99,58.99,medium,low,13,namesilo,,,21/09/2026 01:37
7c7977a4-31f7-4dba-ab5f-6528e7256db5,wash.condos,available,48.37,48.37,high,low,4,dynadot,,,29/09/2026 00:22
9717d5c3-d16a-4815-8ef8-1f8f51477e8b,deformity.condos,available,61.98,72.98,medium,low,9,namecheap,,,24/09/2026 21:21
f4d0663f-1445-47f2-99b2-ba89bbf392ac,four.condos,available,58.99,58.99,high,low,4,namesilo,,,21/09/2026 13:11
edfd5f5f-bd7b-4f0e-bf87-ced22fee0d6b,stamford.condos,available,58.99,58.99,high,low,8,namesilo,,,25/09/2026 16:33
610bb00a-9f56-4203-823a-98e2a82eb71c,clxx.condos,available,,,medium,low,4,,,,
f2d41f24-f736-40fd-a2f6-c87f1ff9bbe8,prowlers.condos,available,58.99,58.99,low,low,8,namesilo,,,20/09/2026 12:42
56634635-7783-4f16-9bee-64000a560416,gaga.condos,available,58.99,58.99,medium,low,4,namesilo,,,14/08/2026 14:34
ca0a5744-f9f2-4f48-80a9-83f69908c90a,dalmatian.condos,available,71.99,75.99,high,low,9,name.com,,,13/08/2026 16:00
12285609-9948-4b7d-8f96-d628e037e0e1,canty.condos,available,58.99,58.99,medium,low,5,namesilo,,,11/08/2026 17:46
d0697d06-cc8c-43f8-8377-101755499e8d,chuckle.condos,available,58.99,58.99,high,low,7,namesilo,,,24/09/2026 14:48
aa83b231-b72b-456e-81af-a2ddd9622623,qin.condos,available,45.2,45.2,medium,low,3,cloudflare,,,28/09/2026 13:41
1341ed92-bfe4-4368-9c2e-e7baf2e79c5f,toxicant.condos,available,58.99,58.99,medium,low,8,namesilo,,,08/09/2026 22:42
25633b4e-87da-441d-8f2e-7f97f6ba21ee,oversexed.condos,available,58.99,58.99,medium,low,9,namesilo,,,21/08/2026 09:17
6d8507c2-308c-4cbe-b4b3-ed6da2749f3c,operas.condos,available,45.2,45.2,medium,low,6,cloudflare,,,30/09/2026 15:50
d2e7e9ad-537e-492c-93da-73cd4fff4452,astonishing.condos,available,46.78,46.78,high,low,11,spaceship,,,29/09/2026 21:10
7f3e5aa5-91a6-438d-a63a-3ff8c524e51e,ameer.condos,available,61.98,72.98,medium,low,5,namecheap,,,18/09/2026 18:04
0353440a-9783-4fef-b58f-7c968bef03f0,nam.condos,available,61.98,72.98,high,low,3,namecheap,,,28/09/2026 16:26
2c3ebab2-39d3-4f29-85c4-e38fed3e7311,vivaldi.condos,available,58.99,58.99,medium,low,7,namesilo,,,19/09/2026 15:40
21d72dc1-de02-49f2-8db1-af7643a4dee8,lands.condos,available,46.78,46.78,high,low,5,spaceship,,,28/09/2026 04:27
2074749f-4a80-4612-9765-ad406d44a83e,fugal.condos,available,58.99,58.99,medium,low,5,namesilo,,,18/08/2026 17:38
41940b52-80df-42f5-859e-a6b245e9b5e5,gum.condos,available,58.99,58.99,high,low,3,namesilo,,,24/09/2026 14:25
d98472a2-7635-4811-a986-d80281483859,mummy.condos,available,45.2,45.2,high,low,5,cloudflare,,,28/09/2026 10:18
7332f1bc-2698-4502-8ee9-62e78f7215c7,bicker.condos,available,58.99,58.99,medium,low,6,namesilo,,,23/09/2026 13:12
83381f1b-35c4-4e8d-87d6-141b5c3d325f,apologise.condos,available,46.78,46.78,high,low,9,spaceship,,,30/09/2026 15:07
9998ac52-f232-4612-b27f-7bed36f436d4,fenestral.condos,available,58.99,58.99,medium,low,9,namesilo,,,18/08/2026 01:09
22bc1d55-7844-4604-b57c-8539d7d45e2b,beings.condos,available,58.99,58.99,medium,low,6,namesilo,,,27/09/2026 02:57
e44edd5b-141d-4019-938f-3295793f366d,keyed.condos,available,58.99,58.99,medium,low,5,namesilo,,,22/08/2026 15:42
a56ad108-1f8f-4a69-842b-1487ae5e7a26,luciano.condos,available,48.37,48.37,medium,low,7,dynadot,,,29/09/2026 05:56
1f483a16-2876-4dad-8b3e-a5e11277eece,impairment.condos,available,71.99,75.99,medium,low,10,name.com,,,13/08/2026 19:25
686aced9-2a89-4404-8bf3-d721da0e3994,realise.condos,available,48.37,48.37,high,low,7,dynadot,,,27/09/2026 16:29
dd7b62fc-ec68-4835-81a4-eee031edcbb6,disappointment.condos,available,58.99,58.99,medium,low,14,namesilo,,,
bf43390b-ddc6-4ae9-9d08-223ef419f7fe,ozark.condos,available,46.78,46.78,high,low,5,spaceship,,,28/09/2026 21:30
6c7d2b66-16aa-49e6-a134-34ff41960821,sharma.condos,available,46.86,46.86,high,low,6,porkbun,,,28/09/2026 03:27
077fa8c7-a901-4dd9-a0f7-5c1edf203cdf,achilles.condos,available,58.99,58.99,high,low,8,namesilo,,,17/09/2026 00:40
00c46b6c-5485-456b-8e99-94ae9d4bbf02,resonant.condos,available,58.99,58.99,high,low,8,namesilo,,,17/08/2026 15:19
ca9e9bcc-7028-455d-8e87-bf31d5c32307,mountaineer.condos,available,45.2,45.2,high,low,11,cloudflare,,,30/09/2026 19:54
ce2da1e9-e8cb-49bd-9ac4-542eb5cacc9c,bosky.condos,available,61.98,72.98,medium,low,5,namecheap,,,10/08/2026 20:17
9d3675cd-3590-402a-8016-11822c95a910,unprecedented.condos,available,46.78,46.78,high,low,13,spaceship,,,29/09/2026 16:15
52fd7913-3f45-4c0b-b4cc-66c292df548b,textures.condos,available,61.98,72.98,medium,low,8,namecheap,,,20/09/2026 19:34
1e1f7279-b097-4708-be61-d1ad9cfed4e1,duly.condos,available,58.99,58.99,medium,low,4,namesilo,,,14/09/2026 14:47
49ef7e42-b4c5-4e45-aeda-22d2160cc5dd,squeezable.condos,available,58.99,58.99,medium,low,10,namesilo,,,10/09/2026 17:41
bb39fc23-6518-47e6-ab0b-3b45c3cdb4f4,volatile.condos,available,58.99,58.99,high,low,8,namesilo,,,24/09/2026 17:42
0512e779-453e-406a-8d5e-41411de4fffa,spontaneity.condos,available,58.99,58.99,high,low,11,namesilo,,,
5840b1bd-c1e9-41b4-9ebf-afb3117eb44d,bernard.condos,available,58.99,58.99,high,low,7,namesilo,,,23/09/2026 09:46
94a703bc-1582-4a50-af5e-b2ef4def54ec,donna.condos,available,45.2,45.2,high,low,5,cloudflare,,,01/10/2026 01:47
44e3c36e-1ce3-4bb3-9207-d0a2363f6897,curves.condos,available,58.99,58.99,medium,low,6,namesilo,,,
73a088c1-34bb-4d7f-a4c0-e9152f74164f,darfur.condos,available,46.86,46.86,medium,low,6,porkbun,,,30/09/2026 01:45
89f903bb-1410-4c2d-a85c-41500cc264a5,melanesian.condos,available,61.98,72.98,medium,low,10,namecheap,,,24/08/2026 19:29
f32cca2a-f57a-44e4-808d-e7cdeeb750ce,rangy.condos,available,61.98,72.98,medium,low,5,namecheap,,,18/08/2026 20:13
5f91bbb7-3417-48b8-bfb1-765e6c639e06,comprehension.condos,available,46.86,46.86,medium,low,13,porkbun,,,29/09/2026 23:00
9be19ea6-f73b-49d2-992d-3773c62a3bdc,maximize.condos,available,45.2,45.2,high,low,8,cloudflare,,,29/09/2026 20:44
d4c236df-b807-481a-b392-c2e374938671,koran.condos,available,61.98,72.98,high,low,5,namecheap,,,18/09/2026 01:04
552fc4a4-cb05-4d3f-8477-b07f1a7c6d5a,postpone.condos,available,46.78,46.78,high,low,8,spaceship,,,29/09/2026 08:12
3dccca10-cfc1-4271-80be-a940ac9c1889,kowloon.condos,available,58.99,58.99,medium,low,7,namesilo,,,30/09/2026 05:19
347fdab3-003b-4d3c-950f-029f921afef6,dutchess.condos,available,45.2,45.2,high,low,8,cloudflare,,,29/09/2026 21:34
e69aa720-e636-4c5d-aa67-36b9b34443eb,gyroplane.condos,available,58.99,58.99,medium,low,9,namesilo,,,21/09/2026 06:27
53edad81-a462-4722-a8f2-d7f3358fcf50,gaining.condos,available,58.99,58.99,medium,low,7,namesilo,,,28/09/2026 11:29
56617054-8928-4681-b3ce-d420d5add20c,yarn.condos,available,46.78,46.78,high,low,4,spaceship,,,29/09/2026 07:56
d7958243-b1b7-4287-9c77-474948ae8134,horizons.condos,available,46.86,46.86,medium,low,8,porkbun,,,30/09/2026 15:32
7dace8b1-b72a-4a07-8940-b69e6b5b22d6,cleaning.condos,premium,242,242,high,low,8,namesilo,,,12/08/2026 10:25
5a9ea877-4e76-48c3-b37f-842e37a98938,atkinson.condos,available,58.99,58.99,high,low,8,namesilo,,,25/09/2026 17:41
a9ed823f-80fe-4f79-a6b2-2262a8dfae37,analogical.condos,available,58.99,58.99,medium,low,10,namesilo,,,
e5f6a6fc-5699-4b1e-b36b-5ca663a90f2f,byrd.condos,available,58.99,58.99,high,low,4,namesilo,,,17/09/2026 08:47
9590b620-149e-43fc-85db-6fea605b1261,tribade.condos,available,58.99,58.99,medium,low,7,namesilo,,,23/08/2026 00:20
69183a6a-089e-4a8f-98ef-7b54237051b2,elegant.condos,available,58.99,58.99,high,low,7,namesilo,,,24/09/2026 13:48
b7d99169-7f32-440b-a38b-0bf12f64de44,depleted.condos,available,58.99,58.99,medium,low,8,namesilo,,,14/08/2026 02:23
555a9471-25b1-4575-bf11-a387334a3ad5,crappy.condos,available,58.99,58.99,medium,low,6,namesilo,,,13/08/2026 05:12
2161ce8b-94de-4aff-acd1-08cde6bb3b00,arming.condos,available,58.99,58.99,high,low,6,namesilo,,,20/09/2026 07:11
bf4cd821-83e3-4b54-9fb4-607da64953dd,operated.condos,available,58.99,58.99,high,low,8,namesilo,,,
d1fa69ab-94cb-4d93-a59e-6134ff392b7c,carriage.condos,available,58.99,58.99,high,low,8,namesilo,,,29/09/2026 00:08
72e7351f-4d6a-45b6-a0aa-adaef8322140,liqueur.condos,available,58.99,58.99,high,low,7,namesilo,,,13/08/2026 01:02
28fc3755-b565-4819-8ee7-af7ed5c45c6c,wolves.condos,available,46.78,46.78,medium,low,6,spaceship,,,28/09/2026 04:21
6e9c5d91-546e-4ac2-b551-0eb92c61156d,videotape.condos,available,46.78,46.78,high,low,9,spaceship,,,29/09/2026 08:17
e50f2f39-9c39-484c-8762-5f8f711801cb,advisors.condos,available,46.78,46.78,medium,low,8,spaceship,,,28/09/2026 17:13
6aae8045-31bc-40fb-93e8-c849671ac665,anzac.condos,available,71.99,75.99,medium,low,5,name.com,,,19/09/2026 16:00
c46ba9ed-d5ed-47d8-895f-6f508d744301,lite.condos,available,58.99,58.99,high,low,4,namesilo,,,11/08/2026 15:09
fdd91200-19db-442e-9116-7d57ff10c11b,undated.condos,available,58.99,58.99,medium,low,7,namesilo,,,12/09/2026 06:58
d0c2642f-d4bf-40ed-b3a7-62d18f7e4598,containers.condos,available,58.99,58.99,medium,low,10,namesilo,,,19/09/2026 01:32
7cea05ac-1ea5-460d-afef-11fa3ab568ca,unfunded.condos,available,58.99,58.99,medium,low,8,namesilo,,,12/09/2026 11:04
af24ced8-f026-4a5c-83eb-974f941f9926,mutely.condos,available,58.99,58.99,medium,low,6,namesilo,,,15/09/2026 15:47
d19462ed-174f-4c3b-afce-8cc9c01b8878,antoine.condos,available,58.99,58.99,high,low,7,namesilo,,,25/09/2026 14:52
ede88ca4-61cf-4ac6-9046-e550c47eaf1a,harte.condos,available,58.99,58.99,medium,low,5,namesilo,,,01/10/2026 01:12
ee6249c9-4a78-4cba-9c76-5bfc6e2bb069,obey.condos,available,46.86,46.86,high,low,4,porkbun,,,30/09/2026 20:37
2097915c-9b4b-4790-ae19-f44e4fa2405f,engine.condos,available,45.2,45.2,high,low,6,cloudflare,,,30/09/2026 16:04
9ce51374-c11a-40a1-be26-2726a4b90ba0,actuated.condos,available,61.98,72.98,medium,low,8,namecheap,,,
8940d160-0d2e-49c3-b953-d3edc3d4d11b,catcher.condos,available,61.98,72.98,high,low,7,namecheap,,,21/09/2026 16:05
5a95f9a4-bb16-4103-8571-4269c26b1d76,important.condos,available,58.99,58.99,high,low,9,namesilo,,,22/09/2026 13:54
64f28071-d3f2-43b5-8141-168a069be59a,unlucky.condos,available,61.98,72.98,medium,low,7,namecheap,,,21/08/2026 19:11
de2234dd-308b-4443-bcda-125da661d16e,visitor.condos,available,61.98,72.98,high,low,7,namecheap,,,30/09/2026 14:31
751c9594-c290-49c5-aa3e-2e5a8b9e7ba3,nonslip.condos,available,58.99,58.99,medium,low,7,namesilo,,,03/09/2026 20:38
e143820e-6f34-4979-ba7c-79494b892f13,screamed.condos,available,58.99,58.99,low,low,8,namesilo,,,30/09/2026 07:12
07c30802-045c-4234-85de-68b242211a25,paean.condos,available,58.99,58.99,high,low,5,namesilo,,,05/09/2026 00:45
a0c78c42-a153-4563-85a3-ebd91ba64dee,kankakee.condos,available,45.2,45.2,medium,low,8,cloudflare,,,30/09/2026 22:09
70e915d1-8fa0-44bb-9d0a-d949df4332d0,kilometer.condos,available,45.2,45.2,high,low,9,cloudflare,,,30/09/2026 01:33
4a164660-afcb-409b-a023-9c1c5f416e1e,anteroom.condos,available,61.98,72.98,high,low,8,namecheap,,,19/09/2026 12:42
06323d1a-07d6-49b9-912a-218f53ec95ac,pearly.condos,available,58.99,58.99,high,low,6,namesilo,,,08/09/2026 11:21
2626175e-cbd6-4e0a-9d49-f3a0041249ae,blake.condos,available,58.99,58.99,high,low,5,namesilo,,,24/09/2026 03:45
99815c0d-ce10-41ad-8aec-afcb65649a4a,allopathy.condos,available,58.99,58.99,medium,low,9,namesilo,,,18/09/2026 12:00
4c479b67-d170-4e57-9e82-f24371029bbd,maddened.condos,available,58.99,58.99,medium,low,8,namesilo,,,
f3203a0f-0beb-4526-b89a-b0ee2188bd73,flesh.condos,available,58.99,58.99,high,low,5,namesilo,,,25/09/2026 21:58
3e194950-9cc1-4930-9943-9441e06c8209,tobacco.condos,available,61.98,72.98,medium,low,7,namecheap,,,29/09/2026 00:12
c45ba037-dbe3-43f7-bd07-7bf7d2f37861,prevention.condos,available,58.99,58.99,high,low,10,namesilo,,,08/09/2026 14:09
54e47abf-4770-40e3-a81e-decdf972ee1f,encountered.condos,available,58.99,58.99,low,low,11,namesilo,,,28/09/2026 23:17
d11158bd-e96e-4d8c-94ba-928b27741c45,citrin.condos,available,61.98,72.98,high,low,6,namecheap,,,23/09/2026 18:00
417a13a9-3ebe-4d5e-93f6-0c08a8edba5c,pleasures.condos,available,45.2,45.2,medium,low,9,cloudflare,,,29/09/2026 16:55
6f227a68-3438-43f2-bace-bd23e246a9e2,incubator.condos,available,58.99,58.99,high,low,9,namesilo,,,30/09/2026 08:50
6eebb1b2-f2f3-4594-abe9-4f09a4498ab3,hayseed.condos,available,58.99,58.99,medium,low,7,namesilo,,,21/08/2026 08:05
bcbd4e83-55ef-4290-965b-abeb0a43246e,northridge.condos,available,58.99,58.99,high,low,10,namesilo,,,30/09/2026 14:03
5064ef0e-a95a-414a-9ec5-ecc57bcbb3c1,quaggy.condos,available,58.99,58.99,medium,low,6,namesilo,,,10/08/2026 17:10
cc2a4ff8-8440-4e0b-84ef-7815a5f187ab,blindfold.condos,available,58.99,58.99,high,low,9,namesilo,,,10/08/2026 14:26
9e786f02-f587-4de7-a43d-c7c62c549929,roberts.condos,available,58.99,58.99,high,low,7,namesilo,,,22/09/2026 09:19
008574a6-159e-41ed-a92f-2c64b85f06a0,cia.condos,available,58.99,58.99,high,medium,3,namesilo,,,24/09/2026 13:36
fbd6a66c-d113-4f46-8959-438eaa4da311,negotiator.condos,available,46.78,46.78,high,low,10,spaceship,,,01/10/2026 03:04
15168f3c-8eb7-49b9-aa24-e0f302ab29e3,emerald.condos,premium,68.51,68.51,high,low,7,spaceship,,,28/09/2026 19:05
7d6d66c8-af8d-4832-839b-222356aa7623,hail.condos,available,58.99,58.99,high,low,4,namesilo,,,16/09/2026 22:38
1834f3da-4eb4-470b-bb6e-6fc5037871d8,posting.condos,available,46.78,46.78,high,low,7,spaceship,,,30/09/2026 06:59
ee9fb94d-5085-4953-b648-91c774a4af58,apatite.condos,available,58.99,58.99,medium,low,7,namesilo,,,19/09/2026 16:18
d4b2aedf-c511-41df-aab5-c6e949115344,patient.condos,available,58.99,58.99,high,low,7,namesilo,,,27/09/2026 03:04
c17ea20e-e8e0-4595-8a1c-90035930d40f,asthmatic.condos,available,58.99,58.99,medium,low,9,namesilo,,,22/09/2026 10:23
2c3d43cb-999c-4821-9cf1-8f620bd39a78,blixen.condos,available,58.99,58.99,medium,low,6,namesilo,,,22/09/2026 07:24
1aaab8ae-627c-48de-bc1c-9f836cf1fea1,sublime.condos,available,58.99,58.99,high,low,7,namesilo,,,17/08/2026 15:39
bc8dac8a-b4bd-4c6a-96f5-ae328ff3eecf,housekeeper.condos,available,58.99,58.99,high,low,11,namesilo,,,28/09/2026 11:27
b949aa42-ef76-426e-a99f-042c6353ec96,rightfully.condos,available,58.99,58.99,medium,low,10,namesilo,,,15/09/2026 23:44
2d6208eb-7c10-4750-98c7-c651f133b164,arrive.condos,available,46.78,46.78,high,low,6,spaceship,,,30/09/2026 15:20
72783e2f-27a7-4a78-9a18-67d47dc9159b,radcliffe.condos,available,58.99,58.99,medium,low,9,namesilo,,,27/09/2026 07:53
0ab3ccc9-cb81-4f31-9be7-1b3528f2b5eb,cowpea.condos,available,58.99,58.99,medium,low,6,namesilo,,,23/09/2026 23:43
83a71e04-fc0c-43e6-a80d-0e7638e8bd8e,botchy.condos,available,61.98,72.98,medium,low,6,namecheap,,,10/08/2026 20:53
51a8cb42-acb1-4038-b720-db63368def53,tired.condos,available,61.98,72.98,medium,low,5,namecheap,,,22/09/2026 16:41
21d6bef0-182a-4712-b91b-14b53960a974,manzoni.condos,available,58.99,58.99,high,low,7,namesilo,,,18/09/2026 05:31
c5bb6058-47f8-4178-9d31-820a934ccd65,corrosion.condos,available,61.98,72.98,high,low,9,namecheap,,,24/09/2026 18:21
05a4fd60-a9b7-4463-8126-142b1bd632bd,killings.condos,available,45.2,45.2,low,low,8,cloudflare,,,28/09/2026 23:59
87c88893-329d-4902-9cb6-c3537c95aa2b,spreadsheet.condos,available,58.99,58.99,high,low,11,namesilo,,,
824ee706-3474-48bb-abb8-7a84764d7c58,allegro.condos,available,61.98,72.98,high,low,7,namecheap,,,22/09/2026 01:21
5bfa0f3a-813a-44b7-a640-b1c2bf6340fc,assumption.condos,available,58.99,58.99,medium,low,10,namesilo,,,20/09/2026 16:39
3ba205e1-10fc-4920-8c97-a383db9c51fb,chordal.condos,available,58.99,58.99,medium,low,7,namesilo,,,12/08/2026 07:06
9bd9ad96-d3e4-40ca-b266-74290f673a2e,neptunium.condos,available,58.99,58.99,medium,low,9,namesilo,,,21/09/2026 00:09
79037793-fa7a-48df-bca7-610939c6fc92,litigation.condos,available,58.99,58.99,high,low,10,namesilo,,,30/09/2026 02:06
efc12eac-8b6a-46b4-bffb-4af7625f2b16,dramatic.condos,available,61.98,72.98,high,low,8,namecheap,,,24/09/2026 12:04
240f6a4e-f0eb-46d1-bc2f-66ba9fc4141e,agiotage.condos,available,61.98,72.98,high,low,8,namecheap,,,17/09/2026 18:03
1d26e899-eb25-4483-b1bf-7a61a3d72e0c,darren.condos,available,58.99,58.99,high,low,6,namesilo,,,28/09/2026 11:25
73c07798-25b5-4c52-a2d9-2c087f5da81e,meuse.condos,available,58.99,58.99,medium,low,5,namesilo,,,20/09/2026 04:35
27b9603c-77ef-40e7-a799-eb1384d73a84,passport.condos,available,58.99,58.99,high,low,8,namesilo,,,27/09/2026 04:57
35933dce-fc92-4a76-8c89-c69095244c9a,millilitre.condos,available,58.99,58.99,high,low,10,namesilo,,,11/08/2026 22:55
af984583-0519-43d4-8ecc-8290456b13d9,orchis.condos,available,58.99,58.99,medium,low,6,namesilo,,,21/09/2026 23:07
8e19a1a6-9684-48b1-a694-2c3e49773688,thirsty.condos,available,46.78,46.78,high,low,7,spaceship,,,28/09/2026 09:14
7b666cf6-e065-4647-ae82-7951ba372b09,acned.condos,available,58.99,58.99,low,low,5,namesilo,,,
218aeea9-261d-4e7b-b6b1-15069182ff9b,books.condos,available,58.99,58.99,high,medium,5,namesilo,,,17/09/2026 07:04
2a91407b-bcff-41c7-bcbc-6c2f9a94e0c8,backbone.condos,available,58.99,58.99,high,low,9,namesilo,,,21/09/2026 15:14
bb0dacd9-6ec2-4061-a3cc-2916ce6a2a67,oaken.condos,available,58.99,58.99,medium,low,5,namesilo,,,03/09/2026 23:26
38d029a9-1326-476a-8a1d-5e22aabbd96b,libyan.condos,available,58.99,58.99,high,low,6,namesilo,,,23/08/2026 00:54
7b39ccb9-5259-4c77-a41e-bb35f980d9d7,larry.condos,available,58.99,58.99,high,low,5,namesilo,,,25/09/2026 12:43
920cd8cd-6889-469c-b56d-5d173a2ea9f6,molto.condos,available,58.99,58.99,medium,low,5,namesilo,,,15/09/2026 15:19
6cfe6cc4-42fc-430c-a401-42be7b855cfb,cased.condos,available,61.98,72.98,high,low,5,namecheap,,,11/08/2026 20:04
6bd3a9d8-744e-4644-acca-772551362d7e,banneret.condos,available,61.98,72.98,medium,low,8,namecheap,,,22/09/2026 02:54
66793aed-a47a-430e-8a60-becbb8c9d755,seminal.condos,available,58.99,58.99,high,low,7,namesilo,,,18/08/2026 22:51
d7ea2fe5-5b06-47fc-b90d-80103c301c8a,indecisive.condos,available,58.99,58.99,medium,low,10,namesilo,,,22/08/2026 02:27
f913aff7-dc68-4461-99d5-f5ba1279c019,wake.condos,available,61.98,72.98,high,low,4,namecheap,,,22/09/2026 14:42
fc8f99a5-805c-4b1f-bcad-4a7220508372,policy.condos,available,45.2,45.2,high,low,6,cloudflare,,,30/09/2026 00:13
68fee141-ccba-4249-8f58-2a56fe7b7442,condign.condos,available,61.98,72.98,medium,low,7,namecheap,,,12/08/2026 20:26
50b96fb8-2e9c-4ce7-a19c-082eb9bf1975,come.condos,available,45.2,45.2,high,low,4,cloudflare,,,28/09/2026 09:23
c216216e-e165-4366-a081-f4896caea5d7,abampere.condos,available,58.99,58.99,medium,low,8,namesilo,,,16/09/2026 13:54
382b1ec7-c317-4ed3-8929-4e6a1de59148,compared.condos,available,58.99,58.99,medium,low,8,namesilo,,,27/09/2026 09:01
08439e63-32dd-462f-a5df-473518278dd4,olson.condos,available,61.98,72.98,medium,low,5,namecheap,,,27/09/2026 01:46
82663987-e793-4bbe-8244-bbc8ee26bba8,liable.condos,available,61.98,72.98,high,low,6,namecheap,,,01/10/2026 02:02
318953ff-c28e-4c60-abff-93353627952c,durga.condos,available,61.98,72.98,high,low,5,namecheap,,,01/10/2026 01:49
046e58b2-1fa8-442a-85de-1e441a456da9,josiah.condos,available,61.98,72.98,medium,low,6,namecheap,,,27/09/2026 01:34
49e9ecdb-2bbb-41bb-93b3-4bfcd9b48f00,ponderous.condos,available,58.99,58.99,medium,low,9,namesilo,,,24/08/2026 11:10
26b6df19-d390-41ad-aae7-2c23e2de81ec,cody.condos,available,58.99,58.99,high,low,4,namesilo,,,25/09/2026 03:39
2584d679-cfbb-4801-9688-7cbf3114261c,allergist.condos,available,46.78,46.78,medium,low,9,spaceship,,,28/09/2026 20:30
42728446-1805-4bc0-b825-2a607290f952,philosopher.condos,available,48.37,48.37,high,low,11,dynadot,,,28/09/2026 11:16
6a8a1d1e-75ba-4160-9614-36fe5b63ce5f,tamanoir.condos,available,61.98,72.98,medium,low,8,namecheap,,,19/09/2026 12:16
9cf92c26-2e26-44dd-a07c-38f74258036a,individuals.condos,available,46.78,46.78,low,low,11,spaceship,,,28/09/2026 12:49
f9b34728-125c-458c-88fe-b7b411f5cf39,verdun.condos,available,58.99,58.99,medium,low,6,namesilo,,,22/09/2026 16:19
9dbb4b75-d266-4901-a706-48011b97d76c,zippy.condos,available,58.99,58.99,high,low,5,namesilo,,,11/08/2026 04:35
f8ccc141-e385-42e2-9bc9-7c4f92515746,serum.condos,available,58.99,58.99,high,low,5,namesilo,,,29/09/2026 06:06
c04e4f2e-078a-4b53-98b0-0832f7f4dd74,silky.condos,available,61.98,72.98,high,low,5,namecheap,,,09/09/2026 21:45
804420b9-0090-4947-b888-5c1823f14448,daisy.condos,available,58.99,58.99,high,low,5,namesilo,,,25/09/2026 04:34
9926efde-90a3-4388-ba9a-7e70c3ad0cfa,airspeed.condos,available,58.99,58.99,high,low,8,namesilo,,,17/09/2026 23:22
fefbc2b1-a4d7-4d65-8c0f-a27f0746e214,accounts.condos,available,61.98,72.98,high,low,8,namecheap,,,18/09/2026 16:24
859e513b-83ac-4a2c-90dc-df8820bdac60,superuser.condos,available,58.99,58.99,high,low,9,namesilo,,,
cad33fc7-36c1-4695-827f-374532d7caa6,properly.condos,available,61.98,72.98,medium,low,8,namecheap,,,13/08/2026 21:12
d711397d-a647-43c2-ac4e-09d3b809e911,irving.condos,available,58.99,58.99,medium,low,6,namesilo,,,25/09/2026 07:50
60e8d45d-14d8-4cc8-9f32-a19cf3ac6f6f,breastfeed.condos,available,58.99,58.99,high,low,11,namesilo,,,
3539c9c3-597e-4833-8fb2-87fbaa133d96,employable.condos,available,58.99,58.99,high,low,10,namesilo,,,16/08/2026 18:22
a0f395fc-a619-49b3-9ef6-f96967ae8c77,illegalize.condos,available,61.98,72.98,medium,low,10,namecheap,,,04/09/2026 19:26
f54442ba-8451-4a8e-a2b5-f5927952356c,cara.condos,available,45.2,45.2,high,low,4,cloudflare,,,28/09/2026 22:02
b178412f-7b22-44b0-9b16-93c7420632d1,bounds.condos,available,46.86,46.86,medium,low,6,porkbun,,,29/09/2026 00:15
f4626815-1a00-40c6-aeab-a0f9404fb846,assistance.condos,available,61.98,72.98,high,low,10,namecheap,,,17/09/2026 20:44
581df677-7f8e-4cbc-9735-94067d414af8,translunar.condos,available,58.99,58.99,medium,low,10,namesilo,,,11/09/2026 02:19
01c38977-778c-4a3f-a94f-2ef21c7e4b02,proverbial.condos,available,58.99,58.99,high,low,10,namesilo,,,09/09/2026 04:32
876dfdd4-e4fb-4e40-a2fe-ca0566a507bc,parameters.condos,available,46.78,46.78,medium,low,10,spaceship,,,30/09/2026 00:21
24539013-d50a-4241-b2a9-f914dc567e59,creator.condos,available,58.99,58.99,high,medium,7,namesilo,,,22/09/2026 01:50
811313be-93ad-4976-9558-89f164bafa19,cimmerian.condos,available,58.99,58.99,medium,low,9,namesilo,,,12/08/2026 08:11
99444349-10e3-4c08-9357-2f167ddecd38,beautician.condos,available,58.99,58.99,high,low,10,namesilo,,,22/09/2026 22:22
56817309-3512-4d2e-a925-22f0a0693ed8,rocks.condos,premium,118.8,118.8,high,low,5,namesilo,,,17/09/2026 07:43
f4520c51-eb5e-4058-9f47-77a595f3f038,listener.condos,available,58.99,58.99,high,low,8,namesilo,,,21/09/2026 01:30
e9846e60-06a1-456d-8b42-f503d868dc1d,behave.condos,available,58.99,58.99,high,low,6,namesilo,,,30/09/2026 15:41
b7e1b675-310e-44d9-a4f3-e083a51e30d0,confessional.condos,available,58.99,58.99,high,low,12,namesilo,,,30/09/2026 03:45
a08e9090-7048-4777-b5fc-014807890978,crosswise.condos,available,58.99,58.99,medium,low,9,namesilo,,,13/08/2026 08:23
20646724-1947-43c5-8a57-19acf084126c,republican.condos,available,58.99,58.99,high,low,10,namesilo,,,09/09/2026 14:43
bc112391-c780-4a4b-98f8-6506d3f95741,franciscan.condos,available,58.99,58.99,high,low,10,namesilo,,,18/08/2026 14:06
88129477-0eeb-489d-8964-3f40042eef1a,concretely.condos,available,58.99,58.99,medium,low,10,namesilo,,,14/09/2026 08:12
c5f9ce01-26ea-4eb9-a2b4-83047f0c27d1,ferrous.condos,available,58.99,58.99,medium,low,7,namesilo,,,18/08/2026 02:09
723efb94-182f-49b9-be30-cd215726d3a1,honest.condos,available,58.99,58.99,high,low,6,namesilo,,,21/08/2026 13:19
ee9de52d-826d-4538-a388-a878b805f8d0,tecumseh.condos,available,58.99,58.99,medium,low,8,namesilo,,,29/09/2026 08:12
ae92c909-62f9-4ca7-a08d-c8b6ca8fe60c,prefix.condos,available,46.86,46.86,high,low,6,porkbun,,,30/09/2026 18:23
6cbf0e0a-378c-457e-aeea-46144d5583cf,louisville.condos,available,58.99,58.99,high,low,10,namesilo,,,30/09/2026 10:28
44275145-8d8d-4c18-b020-faca652f9348,diseased.condos,available,58.99,58.99,medium,low,8,namesilo,,,14/08/2026 10:08
f1869789-d9b6-4a32-bc45-316f6bb67ae4,redeemable.condos,available,61.98,72.98,high,low,10,namecheap,,,11/08/2026 20:14
f0c2abc6-0c64-4851-af16-54da79e6134f,resistances.condos,available,58.99,58.99,medium,low,11,namesilo,,,01/10/2026 00:39
8b36f59d-9fa1-4fc0-8929-c76473985bb5,eruption.condos,available,58.99,58.99,high,low,8,namesilo,,,24/09/2026 15:18
fedd13c9-ff46-4441-b065-e28c0eddaf32,tally.condos,available,61.98,72.98,high,medium,5,namecheap,,,28/09/2026 18:48
ae426542-e67f-4981-9593-6a5272b63596,sejm.condos,available,45.2,45.2,high,low,4,cloudflare,,,30/09/2026 20:42
a0c32400-f388-4cec-983d-bc0f5b56a40c,fundamentals.condos,available,58.99,58.99,high,low,12,namesilo,,,17/09/2026 09:40
5a2d6bd7-004a-4f7a-9541-7a3c5db22442,cordially.condos,available,58.99,58.99,medium,low,9,namesilo,,,14/09/2026 08:43
36784181-a66f-4c3f-9600-9780c48fc7f7,altissimo.condos,available,58.99,58.99,medium,low,9,namesilo,,,
0dc05b6e-9a51-4979-b272-75ec36360c57,civic.condos,available,58.99,58.99,high,low,5,namesilo,,,12/08/2026 09:01
1cffd354-a970-4ee8-be00-6ca32978ab41,sixtieth.condos,available,58.99,58.99,medium,low,8,namesilo,,,
b4cc741a-4bac-4cf9-aad2-b767e986be4d,untired.condos,available,61.98,72.98,low,low,7,namecheap,,,12/09/2026 21:29
ba830b3d-fe74-49dd-a165-9d6c3c74e19e,exalted.condos,available,58.99,58.99,high,low,7,namesilo,,,17/08/2026 15:38
91dad9d7-d58e-4d70-b101-257a839ba4c8,profession.condos,available,58.99,58.99,high,low,10,namesilo,,,30/09/2026 07:31
21e35c28-8392-45dc-8a6c-b24356738029,diversion.condos,available,61.98,72.98,high,low,9,namecheap,,,24/09/2026 23:18
5a187492-6362-47c1-973b-b030e9d5dab7,corroded.condos,available,58.99,58.99,medium,low,8,namesilo,,,13/08/2026 02:05
b55850dc-9b79-4b93-b656-d663790cec08,actium.condos,available,58.99,58.99,medium,low,6,namesilo,,,17/09/2026 05:08
5c15b769-05b9-4560-92f9-8312c52e2b7a,dissection.condos,available,58.99,58.99,high,low,10,namesilo,,,24/09/2026 23:04
8d81c99a-a027-444c-abcf-11a11fd15e67,anyone.condos,available,58.99,58.99,high,low,6,namesilo,,,01/10/2026 00:39
de8038e3-a56f-4f97-a914-512bd28f4c62,benefactor.condos,available,61.98,72.98,high,low,10,namecheap,,,23/09/2026 07:53
9b89749b-4935-421f-a334-126d1da2a078,temples.condos,available,46.78,46.78,medium,low,7,spaceship,,,29/09/2026 15:51
107706d6-e8e1-4766-b1ee-fd095bdb26ee,turkestan.condos,available,58.99,58.99,medium,low,9,namesilo,,,30/09/2026 03:05
8a3af5d8-50cb-47ef-a51c-42517581b258,assassination.condos,available,45.2,45.2,medium,low,13,cloudflare,,,28/09/2026 11:16
71a37ea6-128e-45ff-9a60-cc7dc4587e77,hungarian.condos,available,58.99,58.99,high,low,9,namesilo,,,21/08/2026 15:39
480fea4d-0632-4e57-9329-60c8288e8a07,unmined.condos,available,58.99,58.99,medium,low,7,namesilo,,,12/09/2026 15:41
8fe9269d-ebe5-452e-8d94-b1396feceda7,attainment.condos,available,61.98,72.98,high,low,10,namecheap,,,17/09/2026 02:38
5d39a0dd-399f-49ac-9a2a-f17d262a52f1,ram.condos,available,58.99,58.99,high,low,3,namesilo,,,20/09/2026 05:25
25c9f30c-6712-4fc0-8ab8-9525620e1942,dishes.condos,available,58.99,58.99,medium,low,6,namesilo,,,27/09/2026 02:34
84526b29-806b-4dff-a3de-5419492e8403,irritate.condos,available,46.78,46.78,medium,low,8,spaceship,,,29/09/2026 14:40
b5a7c9cc-487b-4402-bf66-dfe47a9bc850,congratulations.condos,available,71.99,,high,low,15,name.com,,,
a8078ea5-46f1-4cff-9921-cc01095baac6,attractive.condos,available,61.98,72.98,high,low,10,namecheap,,,22/09/2026 11:44
97db8156-555a-4a58-bd79-7c54fc4c9633,architectural.condos,available,58.99,58.99,high,low,13,namesilo,,,29/09/2026 08:50
b655eccb-6846-481b-a182-db0c6f2d1282,picker.condos,available,61.98,72.98,medium,low,6,namecheap,,,24/09/2026 14:45
4987e978-b2e6-4f45-8c7d-3d711a2f6d4d,mere.condos,available,61.98,72.98,high,low,4,namecheap,,,25/09/2026 19:33
376b7e89-c3e1-45cc-b706-9958b134e15e,clocks.condos,available,58.99,58.99,high,low,6,namesilo,,,18/09/2026 06:14
14ce6044-df36-4820-9234-71217a10e792,theobald.condos,available,46.78,46.78,medium,low,8,spaceship,,,29/09/2026 15:20
2a3bbce4-cc99-4bb2-a0e9-3d543e5f2797,meade.condos,available,58.99,58.99,high,low,5,namesilo,,,27/09/2026 04:12
a8724e3a-3209-430a-9acd-92aa24aeff17,pigheaded.condos,available,58.99,58.99,medium,low,9,namesilo,,,11/08/2026 08:32
62b99a3e-d191-4d83-9a66-acaf5aec01ec,perishable.condos,available,58.99,58.99,high,low,10,namesilo,,,08/09/2026 17:18
d50887e9-1e0d-4665-9d55-d24f217213ad,vertebrate.condos,available,58.99,58.99,medium,low,10,namesilo,,,13/09/2026 04:35
569d68cc-bc8d-46d8-9de8-a8bd084de972,hairbrush.condos,available,71.99,,high,low,10,name.com,,,
e1524074-ff79-49b5-b979-8ced0ef9ffd2,posing.condos,available,58.99,58.99,high,low,6,namesilo,,,10/09/2026 08:59
d4e19ece-75a1-4186-ae04-cdae2fa9041c,growing.condos,available,58.99,58.99,high,low,7,namesilo,,,19/09/2026 05:23
98784e12-3e3b-456e-9f22-04ba73bc84fb,cannily.condos,available,58.99,58.99,medium,low,7,namesilo,,,14/09/2026 05:10
0a83caef-59bf-4f24-bd0a-bb00fc064f24,monument.condos,available,45.2,45.2,high,low,8,cloudflare,,,28/09/2026 14:54
38f88b6c-1d20-4a8f-95cb-f150a1e1eb98,relevant.condos,available,58.99,58.99,high,low,8,namesilo,,,09/09/2026 13:33
c98de272-c5b3-4573-b495-d0c24ef0ee56,heptad.condos,available,58.99,58.99,medium,low,6,namesilo,,,
5e0ac07e-ba33-4d3d-835c-3980e14ce3dc,cracking.condos,available,58.99,58.99,high,low,8,namesilo,,,28/09/2026 05:52
395f13f6-c8dd-400d-9f18-b536798a3bae,otago.condos,available,45.2,45.2,high,low,5,cloudflare,,,29/09/2026 22:17
41b52f8b-f0d8-45c2-8641-ea6d667ec2b5,devastating.condos,available,45.2,45.2,medium,low,11,cloudflare,,,28/09/2026 11:24
4c040cd6-000e-4fff-a6ff-63eaaa90c9f2,dies.condos,available,58.99,58.99,medium,low,4,namesilo,,,25/09/2026 16:12
2975ea20-d9e9-499f-bd12-3d78695760b3,eruptive.condos,available,58.99,58.99,medium,low,8,namesilo,,,17/08/2026 13:12
50e18b57-054e-4811-a81b-708640a8ea73,emerge.condos,available,46.86,46.86,high,low,6,porkbun,,,29/09/2026 06:43
0a55a812-20bc-4012-be08-6dcac2c93b16,kemper.condos,available,48.37,48.37,high,low,6,dynadot,,,29/09/2026 14:53
e7de9aee-9068-4f26-89d4-f617f8500452,lgbt.condos,premium,78.54,78.54,high,low,4,namesilo,,,28/09/2026 17:00
63a2258f-521f-4e29-915a-685fd647f672,stagnant.condos,available,58.99,58.99,medium,low,8,namesilo,,,25/08/2026 06:25
933240dc-fda9-4cf3-8562-8e500f57d2c3,cheeks.condos,available,46.78,46.78,medium,low,6,spaceship,,,29/09/2026 10:13
cce5874d-ac94-4a83-b4ff-cfb91c8dff07,baldy.condos,available,58.99,58.99,medium,low,5,namesilo,,,21/09/2026 21:43
6c77b7d6-7d24-4e6e-b8db-9aa9428c77c1,abhorrence.condos,available,58.99,58.99,medium,low,10,namesilo,,,16/09/2026 15:25
01a838b1-c574-457c-b3e4-b605960ef5b2,howie.condos,available,45.2,45.2,medium,low,5,cloudflare,,,29/09/2026 22:05
2c162e98-54fa-4482-b542-cecf970d2427,relocated.condos,available,58.99,58.99,high,low,9,namesilo,,,09/09/2026 13:39
4e6ba9b2-821f-4b1c-826f-7897a3444386,reconsider.condos,available,46.78,46.78,medium,low,10,spaceship,,,28/09/2026 20:52
391e281a-e261-45e0-9899-5d943125d58b,coastal.condos,premium,500,500,high,low,7,name.com,,,12/08/2026 14:10
e43009f1-3446-45bc-809c-8736562276d6,transaction.condos,available,46.78,46.78,high,low,11,spaceship,,,28/09/2026 02:31
1a3a2ada-c26a-4004-930d-180ac5527604,macho.condos,available,58.99,58.99,high,low,5,namesilo,,,11/08/2026 11:31
9c8d0445-68c5-4aa4-8009-4c056884ff76,tick.condos,available,58.99,58.99,high,low,4,namesilo,,,24/09/2026 13:55
a206fdd6-aa4b-4345-8387-cdc7647854b4,spelled.condos,available,58.99,58.99,low,low,7,namesilo,,,28/09/2026 16:58
1801f86e-6523-4428-830c-661511c30e21,rudy.condos,available,58.99,58.99,high,low,4,namesilo,,,27/09/2026 07:02
529a8767-cc80-4eda-928a-7b1b4ca64c64,medals.condos,available,58.99,58.99,high,low,6,namesilo,,,
e8fc2811-a10b-4bdd-9d2d-3a3b95b19e43,robson.condos,available,45.2,45.2,high,low,6,cloudflare,,,28/09/2026 08:01
3c03a2b5-3a98-4746-bc4b-653227f15219,dark.condos,available,58.99,58.99,high,medium,4,namesilo,,,24/09/2026 04:29
9ce2dc42-5c0e-49aa-b259-cf3a7808f34f,anisotropy.condos,available,61.98,72.98,medium,low,10,namecheap,,,19/09/2026 09:38
9b16078e-b63d-40f1-9621-52a6fcc5af02,gore.condos,available,46.78,46.78,medium,low,4,spaceship,,,28/09/2026 19:53
2f30f2a2-10c5-45bb-ba44-4ccf2a7d6ec4,lovesick.condos,available,58.99,58.99,medium,low,8,namesilo,,,24/08/2026 10:18
e3f5c899-7a32-4652-ab69-df289d52586c,brennan.condos,available,61.98,72.98,medium,low,7,namecheap,,,25/09/2026 21:53
32ec9340-baab-4c89-8d19-6c0e130ee45c,punched.condos,available,58.99,58.99,medium,low,7,namesilo,,,19/09/2026 01:53
01b157ce-2756-4d29-85e3-c0ee107134ad,toddler.condos,available,46.78,46.78,high,low,7,spaceship,,,29/09/2026 00:53
98a5507c-ba2c-4190-92b7-4425182b7e55,murderous.condos,available,58.99,58.99,medium,low,9,namesilo,,,21/08/2026 11:28
48224118-2552-4906-9637-54d6f240ec7c,kilo.condos,available,99.99,99.99,high,low,4,godaddy,,,30/09/2026 01:16
4a2aec22-7e17-428a-b1ab-053ed956d373,ces.condos,available,45.2,45.2,high,low,3,cloudflare,,,29/09/2026 03:52
70e8fabf-5757-4984-a18b-39f1c93934ec,cloggy.condos,available,58.99,58.99,medium,low,6,namesilo,,,12/08/2026 11:46
10c0df66-c194-4644-9fb4-c99a361bfc66,blow.condos,available,58.99,58.99,high,low,4,namesilo,,,23/09/2026 01:59
daf786df-fe09-4275-b5f5-24ace32be9bf,breda.condos,available,48.37,48.37,medium,low,5,dynadot,,,30/09/2026 21:05
ce362408-d384-4fc6-ad50-e53bda726531,saul.condos,available,61.98,72.98,high,low,4,namecheap,,,19/09/2026 19:29
dd2f227c-1282-4c6e-a6b8-993c2a783580,excellent.condos,available,58.99,58.99,high,low,9,namesilo,,,24/09/2026 15:50
bd16baad-8cdb-4665-a702-ddec1ae0926b,greed.condos,available,58.99,58.99,high,low,5,namesilo,,,21/09/2026 08:43
1f815a6b-ae1c-4ee1-abc3-200ca6a2759f,latex.condos,available,46.78,46.78,high,low,5,spaceship,,,29/09/2026 13:16
c45c6690-20ba-4582-84ce-d91276011a27,boar.condos,available,46.78,46.78,high,low,4,spaceship,,,29/09/2026 11:44
fb9b6690-ee22-4b25-a750-c9c6331b512e,moneyless.condos,available,58.99,58.99,medium,low,9,namesilo,,,25/08/2026 04:43
03dae4be-3e53-4335-833e-834848c65492,microbar.condos,available,58.99,58.99,medium,low,8,namesilo,,,22/09/2026 03:48
0f2c3244-766c-4431-a1cb-50ef685b9cfb,alkene.condos,available,58.99,58.99,medium,low,6,namesilo,,,18/09/2026 08:28
43aa0f0d-9188-4b57-8ea8-c146d5b8edc2,physiological.condos,available,46.78,46.78,medium,low,13,spaceship,,,29/09/2026 20:58
c527d61a-fc93-498b-b9c5-68b5f09c6121,virile.condos,available,58.99,58.99,high,low,6,namesilo,,,13/09/2026 06:04
8e085587-ff43-4ae2-853e-60aea5c41408,afloat.condos,available,58.99,58.99,high,low,6,namesilo,,,01/10/2026 01:51
07c77ead-7f03-44c4-8279-3cad90db227a,prentice.condos,available,61.98,72.98,medium,low,8,namecheap,,,19/09/2026 22:19
659458be-acb5-458e-9bb5-bd7032d62293,commit.condos,available,48.37,48.37,high,low,6,dynadot,,,30/09/2026 17:30
b5f7857d-474a-4a83-b5f3-93b6d848c04b,fuss.condos,available,58.99,58.99,high,low,4,namesilo,,,17/09/2026 09:21
fafbc252-2f38-4db4-87e4-82136014bc87,nazi.condos,available,58.99,58.99,medium,low,4,namesilo,,,03/09/2026 13:40
e6005534-a9e1-440f-8dbf-f047dae07206,fleshy.condos,available,58.99,58.99,medium,low,6,namesilo,,,18/08/2026 08:02
92c97e95-6aa3-4c71-9d1e-4698cc23467e,sunlit.condos,available,58.99,58.99,high,low,6,namesilo,,,11/09/2026 01:59
b8317601-b922-4a52-b475-1eff556e36aa,chevron.condos,available,58.99,58.99,high,low,7,namesilo,,,24/09/2026 14:21
4423c78e-5fb0-455e-b082-d0698e9a7a08,font.condos,available,58.99,58.99,high,low,4,namesilo,,,22/09/2026 03:31
3ac8224a-57f4-4860-b6dd-25540b20fc63,begins.condos,available,58.99,58.99,medium,low,6,namesilo,,,25/09/2026 20:45
52d741a7-7a8e-4bf3-8941-ac22caca7f7e,grease.condos,available,58.99,58.99,high,low,6,namesilo,,,28/09/2026 14:21
7ac76eac-b738-4fac-8737-676a61b9e2f0,luce.condos,available,58.99,58.99,high,low,4,namesilo,,,30/09/2026 09:11
e540f020-2b95-495d-b3b7-09ee31408f05,excellency.condos,available,46.78,46.78,medium,low,10,spaceship,,,29/09/2026 00:51
c4cc6ad9-3699-44e6-a49f-ca2a6a2fbe07,bribable.condos,available,58.99,58.99,medium,low,8,namesilo,,,11/08/2026 03:42
c5070218-425b-4626-8c52-d5ba5391db81,know.condos,available,46.78,46.78,high,low,4,spaceship,,,29/09/2026 20:04
8cfbbe90-0159-4606-9a56-e5bc59f81b48,perception.condos,available,58.99,58.99,high,low,10,namesilo,,,28/09/2026 10:42
38caa56d-770a-4807-a187-e21d15fd775b,lark.condos,available,45.2,45.2,high,low,4,cloudflare,,,30/09/2026 09:46
2b387b64-1d4e-4a76-bdcd-7c6189daee0a,barbell.condos,available,61.98,72.98,high,low,7,namecheap,,,22/09/2026 04:49
52ec0e04-e239-4533-9169-17db3a443ab8,juanita.condos,available,46.78,46.78,medium,low,7,spaceship,,,30/09/2026 04:54
2a02be2f-43e8-48fe-85ce-ccc14a4143d3,counterterrorism.condos,available,71.99,,medium,low,17,name.com,,,
fe8f775b-488c-482e-b3c1-86931bdb1218,timeline.condos,available,58.99,58.99,high,low,8,namesilo,,,27/09/2026 05:39
1a3640ae-1c8d-449e-9e63-36eba3da7311,stanley.condos,available,58.99,58.99,high,low,7,namesilo,,,25/09/2026 06:08
b784ac14-94fd-4c66-8983-5f9a6854cef6,editorial.condos,available,58.99,58.99,high,low,9,namesilo,,,15/08/2026 11:07
59193cfd-72f4-4fe4-8a74-b91db290b189,acrogen.condos,available,61.98,72.98,medium,low,7,namecheap,,,17/09/2026 03:44
398e7a80-f734-4564-a053-05838f7dd47a,balcony.condos,available,61.98,72.98,high,low,7,namecheap,,,21/09/2026 21:28
38d9e6c7-bdc7-4d31-a9b3-e5647caa6f25,theoretic.condos,available,58.99,58.99,medium,low,9,namesilo,,,11/09/2026 12:54
95bc7a7d-1eda-4108-9f98-3b4dd2189c73,dryden.condos,available,48.37,48.37,medium,low,6,dynadot,,,28/09/2026 05:32
79d8cf08-4d2e-4319-bbd7-52099632626a,bmt.condos,available,46.78,46.78,high,low,3,spaceship,,,30/09/2026 20:59
c1cd4065-e703-4bfd-b021-3e8593d09314,thump.condos,available,58.99,58.99,high,low,5,namesilo,,,11/09/2026 15:06
5e6dd9b1-d3fa-43d3-980b-0dd7c29df2e0,recruited.condos,available,58.99,58.99,medium,low,9,namesilo,,,18/09/2026 00:53
86136504-a4be-4123-bf4b-0affa4e92fc6,unequaled.condos,available,58.99,58.99,high,low,9,namesilo,,,12/09/2026 09:09
e50c2eae-214a-4eab-b7ae-d3ab544bf020,aspect.condos,available,45.2,45.2,high,low,6,cloudflare,,,28/09/2026 22:41
48a410d7-702a-4b4c-b91f-41740482b4b4,geniality.condos,available,61.98,72.98,high,low,9,namecheap,,,17/09/2026 14:00
191ca39c-cbc5-4cf9-94e4-bfaabb5aa22c,troopers.condos,available,58.99,58.99,medium,low,8,namesilo,,,30/09/2026 16:00
9956344a-dfef-42b7-8e3f-d22179e117aa,motherly.condos,available,58.99,58.99,high,low,8,namesilo,,,25/08/2026 07:06
e34c3e34-d5ef-4604-91c9-ce4f4b27fe48,municipal.condos,available,58.99,58.99,high,low,9,namesilo,,,03/09/2026 10:58
da1db65d-22d1-4b30-b32e-87effc8b7e65,techniques.condos,available,58.99,58.99,medium,low,10,namesilo,,,19/09/2026 01:18
07d815e6-7075-422e-9500-1ee932f19c8e,crone.condos,available,58.99,58.99,medium,low,5,namesilo,,,23/09/2026 04:47
10718d09-d242-4fea-9313-47ab5ba1ff32,continuously.condos,available,58.99,58.99,medium,low,12,namesilo,,,
f2099dd0-d091-47dd-ba6f-23b712358480,capricorn.condos,available,58.99,58.99,high,low,9,namesilo,,,24/09/2026 12:40
331ef3fd-e03f-4e8f-a6cf-8e44d0064358,underway.condos,available,58.99,58.99,high,low,8,namesilo,,,12/09/2026 07:42
cfcb53dd-72c4-4653-a298-28aa8d2515dd,rituals.condos,available,61.98,72.98,medium,low,7,namecheap,,,29/09/2026 05:40
932249e6-5365-4277-b727-870636aa0996,cult.condos,available,61.98,72.98,high,medium,4,namecheap,,,24/09/2026 19:17
fa1da1eb-1a64-4db1-8345-7ddea6e53c2c,decorate.condos,available,58.99,58.99,high,low,8,namesilo,,,29/09/2026 00:38
1f12ab9f-fd22-49cd-a335-013af4c255fa,top.condos,premium,520,520,high,medium,3,namecheap,,,25/09/2026 19:45
39f036e0-f740-46ed-926a-4320ae695d98,wakefield.condos,available,58.99,58.99,high,low,9,namesilo,,,25/09/2026 12:26
e1c41e99-e933-4597-b24a-9abc9431b800,saucer.condos,available,48.37,48.37,high,low,6,dynadot,,,29/09/2026 15:53
832e4f60-732c-4725-9a19-9bd37d09c996,jew.condos,premium,85.8,85.8,high,low,3,namecheap,,,25/09/2026 23:17
cc39527e-6d28-464e-9114-c09aa58b1351,fluently.condos,available,61.98,72.98,high,low,8,namecheap,,,14/09/2026 19:08
009f87d6-8dbe-47e0-823c-40183ddc75bb,bangalore.condos,available,58.99,58.99,high,low,9,namesilo,,,22/09/2026 01:45
da27501b-e48b-4878-9215-887975efda96,eusebius.condos,available,46.78,46.78,medium,low,8,spaceship,,,29/09/2026 06:49
3b2ad6f1-b61d-4b36-9341-b4ad1e9bf912,headache.condos,available,61.98,72.98,high,low,8,namecheap,,,24/09/2026 13:37
ab77b3c9-340a-49af-a0d1-d18ca3fea489,offence.condos,available,58.99,58.99,medium,low,7,namesilo,,,04/09/2026 01:34
03c60680-4b20-44c3-8068-4b2b16c14dd3,barong.condos,available,58.99,58.99,medium,low,6,namesilo,,,22/09/2026 07:38
bae6980a-640d-44b3-9e54-3e3beb6b75a0,believable.condos,available,58.99,58.99,medium,low,10,namesilo,,,09/08/2026 13:01
7b72a416-a5bb-4351-914c-ca30569d7077,scare.condos,available,61.98,72.98,high,low,5,namecheap,,,17/09/2026 14:51
c5855d59-7bcc-46b5-8f03-d93a395656fc,wreck.condos,available,58.99,58.99,high,low,5,namesilo,,,27/09/2026 05:55
9d658ffd-4a11-4dac-99e7-10f37089b490,warden.condos,available,46.86,46.86,high,low,6,porkbun,,,27/09/2026 16:17
b42448cd-3a27-443d-9b5e-e142fc23df84,bailiwick.condos,available,71.99,75.99,medium,low,9,name.com,,,21/09/2026 19:08
15e01d31-c578-49a3-8ccd-cca99c08073f,retrieved.condos,available,58.99,58.99,medium,low,9,namesilo,,,
c01f08cd-20ee-419f-bc1e-17186be30091,airworthy.condos,available,58.99,58.99,medium,low,9,namesilo,,,
366bc3ec-f660-43e2-9d4e-28c34fbe0fcb,foreboding.condos,available,58.99,58.99,medium,low,10,namesilo,,,18/08/2026 11:32
c3a7fbda-8005-4313-a64c-ac935d990ad5,jumping.condos,available,58.99,58.99,high,low,7,namesilo,,,08/09/2026 06:49
6ff6f1ac-6f08-426a-8d4f-3125eda5a94d,degraded.condos,available,71.99,75.99,medium,low,8,name.com,,,13/08/2026 20:17
f58ae639-65e4-4a79-a440-4669ccc331e2,shakedown.condos,available,58.99,58.99,high,low,9,namesilo,,,10/09/2026 05:40
3a527609-8541-4438-88d5-06e498bb64ca,carrier.condos,available,58.99,58.99,high,low,7,namesilo,,,28/09/2026 19:39
42f67c85-fc81-4085-afa2-3ee584d85319,murders.condos,available,61.98,72.98,low,low,7,namecheap,,,25/09/2026 21:34
2e1e744d-8fa1-4913-8756-b8de06927ca1,experimental.condos,available,58.99,58.99,high,low,12,namesilo,,,
958ad32b-8d0e-47ea-8d7e-a4057b963f20,minnesota.condos,premium,102.67,102.67,high,low,9,spaceship,,,28/09/2026 14:20
aa54f0bb-991d-4be1-9d14-ee4a0eb0c539,nefarious.condos,available,58.99,58.99,medium,low,9,namesilo,,,03/09/2026 14:57
f2e648eb-78ee-4a24-a876-1662c5be6d49,citified.condos,available,58.99,58.99,medium,low,8,namesilo,,,12/08/2026 08:47
64c13969-9fd0-431d-86fc-5f920227c756,winston.condos,available,58.99,58.99,high,low,7,namesilo,,,25/09/2026 14:24
aff2e219-f07d-412d-b22e-aaf6481c720b,jews.condos,available,58.99,58.99,medium,low,4,namesilo,,,
67537ee2-99fd-4faa-8614-05740d0c1a78,tractive.condos,available,58.99,58.99,medium,low,8,namesilo,,,11/09/2026 18:40
0eeb5616-8e8f-4920-8d66-1a3b4391274a,swinging.condos,available,58.99,58.99,high,low,8,namesilo,,,23/08/2026 08:43
f66c5b8a-2f9b-4e73-9e7c-44cc276c1fce,mayonnaise.condos,available,58.99,58.99,high,low,10,namesilo,,,01/10/2026 02:59
a732913d-7874-4610-b4db-5e5b3a4a4be0,tailored.condos,available,58.99,58.99,medium,low,8,namesilo,,,09/08/2026 17:32
3a11c285-8951-4316-8750-251ac54dd600,amain.condos,available,61.98,72.98,medium,low,5,namecheap,,,13/09/2026 19:25
1c4c337a-2bf9-477e-9eb0-0afc0066ca78,taught.condos,available,58.99,58.99,medium,low,6,namesilo,,,27/09/2026 02:04
f064b802-0f7d-42f6-ab43-90be8fdf043c,okeh.condos,available,58.99,58.99,high,low,4,namesilo,,,03/09/2026 23:21
54e3ab5b-c3e6-4fc9-a83e-f3216b794b08,adkins.condos,available,58.99,58.99,medium,low,6,namesilo,,,29/09/2026 23:23
c1540d41-3410-40d0-bb1c-fd5d4dc8c11a,gallatin.condos,available,58.99,58.99,medium,low,8,namesilo,,,28/09/2026 22:22
4ff5dde4-ef87-4c59-830e-56fcdca110b7,fixtures.condos,available,61.98,72.98,medium,low,8,namecheap,,,30/09/2026 00:04
02ced8b8-f99a-4ccf-8ce7-0d5fcbd8a343,subclavian.condos,available,58.99,58.99,medium,low,10,namesilo,,,10/09/2026 23:40
5c3638bc-e8d0-44dd-94c0-0f91807a35b8,lenses.condos,available,58.99,58.99,medium,low,6,namesilo,,,29/09/2026 05:38
2bdd1cb7-131b-4f9c-a53b-9156f261a33b,flapjack.condos,available,61.98,72.98,high,low,8,namecheap,,,22/09/2026 14:32
4bde7a34-22d6-467f-ad48-27a3a4db6d1e,chattering.condos,available,46.78,46.78,high,low,10,spaceship,,,30/09/2026 16:43
d7e5a8e8-62ed-4b1c-a05b-d6f98d18eafe,lobe.condos,available,46.78,46.78,high,low,4,spaceship,,,29/09/2026 19:33
8e2b6807-397c-4ba9-bc08-1aca1a5ce4df,proustian.condos,available,58.99,58.99,medium,low,9,namesilo,,,09/09/2026 04:22
7d1ae047-72b5-476b-a175-ee97321c2066,shoebird.condos,available,61.98,72.98,medium,low,8,namecheap,,,21/09/2026 20:37
a40138e7-fddd-4992-82c2-208949883636,dearest.condos,available,58.99,58.99,high,low,7,namesilo,,,09/08/2026 13:50
ec563d8b-c2fa-406b-844b-bae5c34ab783,puebla.condos,available,46.78,46.78,medium,low,6,spaceship,,,28/09/2026 10:03
69ffdb41-fadf-428f-a1b1-c4e4fc11e610,trillion.condos,available,58.99,58.99,high,low,8,namesilo,,,11/09/2026 19:49
4a627752-5ebb-4c2e-9ef3-7f0015cf862b,pallid.condos,available,58.99,58.99,medium,low,6,namesilo,,,04/09/2026 23:51
ffbb283a-4cec-4e68-8f34-273538e81ace,unbridled.condos,available,58.99,58.99,high,low,9,namesilo,,,12/09/2026 04:31
a71e9bc6-5a4d-4ca2-a0e1-b06d7e7fa2da,ayrshire.condos,available,61.98,72.98,high,low,8,namecheap,,,21/09/2026 10:44
972d74dd-a98f-4bd1-8b3c-8cb66c368d01,developer.condos,available,58.99,58.99,high,medium,9,namesilo,,,29/09/2026 14:33
59222cad-8535-4925-ab54-5853258c9c30,norwegian.condos,available,58.99,58.99,high,low,9,namesilo,,,25/09/2026 23:14
fc4c28ea-763c-4e64-bbc2-6ff17bf7e11a,doorway.condos,available,46.86,46.86,high,low,7,porkbun,,,28/09/2026 18:58
1ecc11a2-a99a-4a89-9155-fa1164a99642,withholding.condos,available,46.78,46.78,high,low,11,spaceship,,,30/09/2026 06:21
030ccabb-3437-4709-92ad-50190ca21b73,unburdened.condos,available,58.99,58.99,high,low,10,namesilo,,,11/08/2026 10:27
9f85b2df-d48e-4f6c-9a1f-aa21848f4cc5,alcaic.condos,available,58.99,58.99,medium,low,6,namesilo,,,18/09/2026 03:46
f9073cd6-9c24-4d9d-bc47-1ebb53fe4831,virulent.condos,available,58.99,58.99,medium,low,8,namesilo,,,
b04e8794-b057-4a4a-91a7-e61f5b4656d1,recklessly.condos,available,58.99,58.99,medium,low,10,namesilo,,,15/09/2026 22:49
e4b810ff-fc05-460e-88b6-bf646e09ebc3,aggressive.condos,available,58.99,58.99,high,low,10,namesilo,,,21/09/2026 22:59
6b58ab0f-49bb-48c5-8cf9-9a2cebf7eef7,blithe.condos,available,58.99,58.99,high,low,6,namesilo,,,10/08/2026 14:37
f2a4444f-d524-42e1-a8f1-c023e9e36c2b,crawler.condos,available,58.99,58.99,high,low,7,namesilo,,,19/09/2026 06:39
6b02f622-aa7f-4896-ac12-7b0f5b3e7caa,cobb.condos,available,58.99,58.99,medium,low,4,namesilo,,,28/09/2026 15:39
11d237cd-0e0f-4263-b442-0e14ce5e3e8a,illinois.condos,premium,123.75,123.75,high,low,8,name.com,,,21/08/2026 18:40
bd72e825-20e7-4847-8420-10758db2d794,hind.condos,available,58.99,58.99,medium,low,4,namesilo,,,21/08/2026 09:26
70b06797-d1d2-4474-98d9-2dae5ed9d1f4,vibrating.condos,available,46.86,46.86,medium,low,9,porkbun,,,30/09/2026 14:24
9327684b-0b03-4e87-81a0-91fda9663b35,proposing.condos,available,46.78,46.78,low,low,9,spaceship,,,28/09/2026 22:53
75ffbb74-a4d2-4897-9c40-9ca14f73b926,emma.condos,available,58.99,58.99,high,medium,4,namesilo,,,25/09/2026 12:33
15307756-69ac-400b-9add-73ad4e7a887b,abelard.condos,available,58.99,58.99,medium,low,7,namesilo,,,16/09/2026 14:59
db6fdd79-c92d-4353-89e0-1e05717a5e3b,result.condos,available,58.99,58.99,high,low,6,namesilo,,,29/09/2026 11:11
6de6c983-6310-4613-9769-9f4370ed38d0,eery.condos,available,58.99,58.99,medium,low,4,namesilo,,,15/08/2026 12:45
faae3fdf-12d1-4ec8-8754-bfadc219a2dd,betrayal.condos,available,58.99,58.99,medium,low,8,namesilo,,,23/09/2026 11:24
fa508f2d-20dd-4d96-ab35-0bd9dc7e7f8b,connolly.condos,available,58.99,58.99,high,low,8,namesilo,,,25/09/2026 22:17
10d8d162-a3d8-475f-b765-bc9249269147,flashing.condos,available,46.78,46.78,medium,low,8,spaceship,,,28/09/2026 19:14
c0609fc5-bba5-49a6-8f03-9eee8cacfdbd,brawl.condos,available,58.99,58.99,high,low,5,namesilo,,,29/09/2026 11:45
3a563994-a9ea-44dc-a220-662441a16a84,amalgam.condos,available,58.99,58.99,high,low,7,namesilo,,,18/09/2026 15:38
ba053327-47a1-420b-a2bc-ad636a3af88c,duvall.condos,available,58.99,58.99,medium,low,6,namesilo,,,30/09/2026 05:34
61680fc5-6291-4c65-8a69-e7743c107c35,winter.condos,premium,242,242,high,low,6,namesilo,,,25/09/2026 11:04
b6a45ed0-c971-44a2-8266-9b2241f63384,cute.condos,available,58.99,58.99,high,low,4,namesilo,,,24/09/2026 03:46
9d9212e8-2858-4ece-b36a-57109bc2f19f,slapped.condos,available,45.2,45.2,low,low,7,cloudflare,,,29/09/2026 23:39
07caca2c-5b79-4ecf-ab49-0038a3bb7c3e,forester.condos,available,58.99,58.99,medium,low,8,namesilo,,,20/09/2026 00:50
a564ab75-ba7d-4259-9967-2c28c5fcfc6a,ldl.condos,available,58.99,58.99,high,low,3,namesilo,,,23/09/2026 10:53
8d6b7f4b-8df9-421f-9765-655944c5a492,unwearable.condos,available,58.99,58.99,medium,low,10,namesilo,,,12/09/2026 22:31
51ff17c4-3de6-4aec-ae54-be53c7c25c55,mellon.condos,available,58.99,58.99,high,low,6,namesilo,,,19/09/2026 04:48
5ea0cd85-5c10-4a47-9fb5-821e425b8338,aligning.condos,available,58.99,58.99,medium,low,8,namesilo,,,
ce353d18-3ea4-4498-9bcb-862d1f1c9805,balletic.condos,available,58.99,58.99,high,low,8,namesilo,,,08/08/2026 10:26
12ccaa69-6f1c-4f03-9fc5-3dfa30a5285f,slippers.condos,available,58.99,58.99,high,low,8,namesilo,,,30/09/2026 07:13
37c9609a-919e-4fd2-8ff3-8ad8b14ded3d,weil.condos,available,58.99,58.99,medium,low,4,namesilo,,,19/09/2026 04:20
90fdc580-1319-4a85-b255-d1242488d55f,cesar.condos,available,46.78,46.78,medium,low,5,spaceship,,,30/09/2026 05:33
4c938007-1f2c-4015-82ef-d923d557b7f1,stunting.condos,available,71.99,75.99,high,low,8,name.com,,,17/09/2026 12:54
89841387-de75-4218-b7ab-8a3589c2d0a8,aerie.condos,available,,,high,medium,5,,,,
83c7c367-d992-4dbf-8ec3-7883e25b56a8,colette.condos,available,58.99,58.99,high,low,7,namesilo,,,30/09/2026 09:13
8770a190-019e-46af-a815-e469ae778dd9,outcast.condos,available,58.99,58.99,high,low,7,namesilo,,,18/08/2026 15:35
322731b4-3f3d-4b11-aa10-85cfcf7597bd,handle.condos,available,58.99,58.99,high,low,6,namesilo,,,08/09/2026 13:26
caa2f6a9-b463-46e9-8a1d-a6534f9caabb,egyptian.condos,available,61.98,72.98,high,low,8,namecheap,,,15/08/2026 19:52
975a8b2e-f067-4910-bf7d-91e961d86752,morning.condos,available,46.86,46.86,high,low,7,porkbun,,,28/09/2026 01:56
bbe7cce6-a162-4586-8b16-3b419e2295dc,cartel.condos,available,61.98,72.98,high,low,6,namecheap,,,30/09/2026 16:37
a1628390-0f2f-440e-969d-46e1e5db5d4c,whiz.condos,available,61.98,72.98,high,low,4,namecheap,,,21/09/2026 18:01
f2d042b8-a59a-480f-a349-315dc996495e,roundly.condos,available,58.99,58.99,medium,low,7,namesilo,,,14/09/2026 00:45
2727152d-3966-40ea-b609-1471e1ac8c51,tracy.condos,available,58.99,58.99,high,low,5,namesilo,,,30/09/2026 11:36
4c9f22dd-a9a2-4979-b610-972cbb8c9976,genoa.condos,available,58.99,58.99,high,low,5,namesilo,,,30/09/2026 09:54
457f1d48-2048-4c73-bfcd-57eb99abbab3,overt.condos,available,58.99,58.99,high,low,5,namesilo,,,04/09/2026 21:53
7358a8b2-3d83-4a87-b992-0308a748887b,baal.condos,available,58.99,58.99,high,low,4,namesilo,,,21/09/2026 12:05
703942e2-248c-4989-857f-220d2581a2e5,flutter.condos,available,58.99,58.99,high,low,7,namesilo,,,18/08/2026 07:48
54ed9278-543f-4137-9a57-e7c5a1bb8f4a,biopsy.condos,available,61.98,72.98,high,low,6,namecheap,,,23/09/2026 18:55
ca8596d7-0c90-4307-83bd-c042b87334a9,donations.condos,available,58.99,58.99,medium,low,9,namesilo,,,29/09/2026 17:05
d7b82372-7fc7-4e2a-a16c-bc346ec57f4d,museums.condos,available,58.99,58.99,medium,low,7,namesilo,,,29/09/2026 11:30
db89a44b-53fb-49bb-aa2e-356dbc968ccb,handcuffs.condos,available,45.2,45.2,medium,low,9,cloudflare,,,30/09/2026 14:17
de649db3-58b9-4869-9638-e54fcd02a8e8,discord.condos,available,46.78,46.78,high,medium,7,spaceship,,,29/09/2026 15:32
d442f157-ba0a-4676-a02c-2ce78d427423,ambient.condos,available,58.99,58.99,high,low,7,namesilo,,,
141f7689-1285-47a8-b163-d50d65a2a681,glassless.condos,available,58.99,58.99,medium,low,9,namesilo,,,20/08/2026 14:11
ef807bbf-0129-4ba8-9ca3-0976bc175cb1,cart.condos,available,45.2,45.2,high,low,4,cloudflare,,,27/09/2026 12:16
2ff3fbaf-1619-415b-9f5e-6ed899011676,tiered.condos,available,58.99,58.99,medium,low,6,namesilo,,,11/09/2026 15:49
15adef69-75bf-41cd-8439-69d9e26bd190,steward.condos,available,46.78,46.78,high,low,7,spaceship,,,28/09/2026 18:50
f16a281b-a24e-44a7-a6bd-9aa3a28df628,carol.condos,available,58.99,58.99,high,low,5,namesilo,,,24/09/2026 13:02
f51326a4-843c-4d9b-b1c3-d3b8eb1cb35a,oath.condos,available,46.78,46.78,high,low,4,spaceship,,,27/09/2026 12:47
ae9f9a12-f907-48cc-bbea-5f0c1e0ad685,lisa.condos,available,61.98,72.98,high,low,4,namecheap,,,25/09/2026 12:07
8c007b90-21f9-4cba-a094-ea9dbebfd274,hippie.condos,available,61.98,72.98,high,low,6,namecheap,,,30/09/2026 17:21
ed7ff519-87c3-4ca1-94d5-0b86959c216b,amnesic.condos,available,58.99,58.99,medium,low,7,namesilo,,,
db91fddb-9849-4738-bd29-a66e8c1cd18a,pathogenic.condos,available,58.99,58.99,medium,low,10,namesilo,,,22/08/2026 04:17
43f8f668-d2da-4a4d-a862-8f691edc270b,stunt.condos,available,58.99,58.99,high,low,5,namesilo,,,28/09/2026 10:58
7138612d-2492-4dad-a42b-b5805941f21b,nicaraguan.condos,available,58.99,58.99,high,low,10,namesilo,,,03/09/2026 17:03
32bd7fb3-db50-4ee3-8e91-647c69a78067,aggregated.condos,available,58.99,58.99,high,low,10,namesilo,,,
e6fbc50f-99da-4e16-bf84-b63652077c37,foley.condos,available,58.99,58.99,high,low,5,namesilo,,,25/09/2026 21:40
42e97f72-0f08-43e5-8e7c-160c54832b22,protects.condos,available,45.2,45.2,medium,low,8,cloudflare,,,29/09/2026 00:03
797ac905-7de2-4480-b05e-0687e0f15091,carnation.condos,available,61.98,72.98,high,low,9,namecheap,,,11/08/2026 19:26
0a45c327-0591-406c-a1cc-be3887e75554,lenify.condos,available,58.99,58.99,medium,low,6,namesilo,,,18/08/2026 22:02
bc788ef6-bde9-4d96-844f-31e1c1d0c748,plummy.condos,available,58.99,58.99,medium,low,6,namesilo,,,08/09/2026 21:51
c8882dbd-bd90-49b7-8cee-6d4584d03aaa,apartheid.condos,available,58.99,58.99,medium,low,9,namesilo,,,19/09/2026 16:15
835677ef-1f2d-4822-bc66-0f354545b5f7,visconti.condos,available,61.98,72.98,medium,low,8,namecheap,,,30/09/2026 01:25
0ffe4070-7bef-4164-afd5-b32e9a29401b,arugula.condos,available,58.99,58.99,high,low,7,namesilo,,,20/09/2026 12:10
1dac3686-91c7-4c24-8284-7c4fedc0f7eb,insignia.condos,available,58.99,58.99,high,low,8,namesilo,,,30/09/2026 17:42
24761d67-cd05-4cc2-a40c-729c4c73cc80,ataturk.condos,available,58.99,58.99,high,low,7,namesilo,,,20/09/2026 19:44
3bd6f061-a716-4901-8ea6-e9c6ece96328,zhou.condos,available,58.99,58.99,high,low,4,namesilo,,,25/09/2026 22:14
bdd0c3a2-758c-4a95-aba5-1ce7029d01df,perplex.condos,available,61.98,72.98,high,low,7,namecheap,,,21/09/2026 17:26
a94d4a68-1e53-42fa-a2a0-3a10f9c23239,barracks.condos,available,45.2,45.2,high,low,8,cloudflare,,,28/09/2026 13:08
6b04397a-b6bd-4ccb-8a69-85aa92bb14d0,mongoloid.condos,available,58.99,58.99,medium,low,9,namesilo,,,25/08/2026 04:49
48abb679-26ce-40bc-a85e-d1b977995aec,flecked.condos,available,58.99,58.99,medium,low,7,namesilo,,,14/08/2026 16:30
0e6f02e3-6910-4c0e-b9a9-97bbdbe80652,estragon.condos,available,58.99,58.99,medium,low,8,namesilo,,,20/09/2026 10:19
1e7230cf-9656-406b-a3a8-d5d748e28bc2,biohazard.condos,available,61.98,72.98,medium,low,9,namecheap,,,23/09/2026 18:14
d7fd797e-22db-4222-aa42-7d8d4954951f,silently.condos,available,58.99,58.99,medium,low,8,namesilo,,,15/09/2026 15:52
6b089907-4dbe-4a3b-be12-1981e4442ef4,forsythe.condos,available,46.78,46.78,medium,low,8,spaceship,,,30/09/2026 16:08
3745faff-15f2-425c-88c6-93964f773208,firework.condos,available,58.99,58.99,high,low,8,namesilo,,,09/09/2026 07:10
1fc50c5a-d25d-4c2f-8fd1-817aa0bae254,applesauce.condos,available,61.98,72.98,high,low,10,namecheap,,,19/09/2026 21:26
1461e800-2a81-42fd-b90d-3df3b26f6a08,whispered.condos,available,58.99,58.99,high,low,9,namesilo,,,13/09/2026 11:35
086449ff-d896-4a12-b543-464e6526c1e8,tike.condos,available,58.99,58.99,medium,low,4,namesilo,,,25/08/2026 00:12
5cdb4049-e539-445f-b833-94212025f9d5,agility.condos,available,71.99,75.99,high,low,7,name.com,,,17/09/2026 17:49
81319a22-162c-43bd-a6e9-3869cee3571c,documentary.condos,available,46.78,46.78,high,low,11,spaceship,,,28/09/2026 04:30
94e41fc4-6917-465a-bd0a-2d5d3a0d59b5,cruisers.condos,available,45.2,45.2,medium,low,8,cloudflare,,,01/10/2026 00:40
5b5226e6-6e03-43f3-89c4-c5e8aa6c08ea,venue.condos,available,58.99,58.99,high,low,5,namesilo,,,29/09/2026 01:38
7158271b-647f-42b6-94b1-4f799c7a43f4,edna.condos,available,71.99,75.99,high,low,4,name.com,,,27/09/2026 01:34
f4a6eeba-41ec-4cb5-a205-36ec9c4967de,recycled.condos,available,58.99,58.99,high,low,8,namesilo,,,
69d45ed5-78ca-464e-b618-d443b3ec3239,nilsson.condos,available,58.99,58.99,high,low,7,namesilo,,,29/09/2026 00:16
876990be-29ba-45a2-a854-1885014e6029,triumphant.condos,available,61.98,72.98,high,low,10,namecheap,,,17/08/2026 19:56
c4b37c9b-134a-4fd2-95f6-6f6f7a5fb0d1,caron.condos,available,46.78,46.78,high,low,5,spaceship,,,30/09/2026 19:21
ae87515f-4146-4a2f-b8d4-491fd9b73af9,jock.condos,available,46.78,46.78,high,low,4,spaceship,,,28/09/2026 22:58
d957c2c7-2219-4b4e-ae81-9523cc21f7a4,canine.condos,available,58.99,58.99,high,low,6,namesilo,,,11/08/2026 16:56
39f59f30-38b0-4c2c-894d-363bbb884289,admass.condos,available,61.98,72.98,medium,low,6,namecheap,,,17/09/2026 08:43
1bc6cc1f-88d1-498c-b7eb-a8cb53c5a3d1,supper.condos,available,46.78,46.78,high,low,6,spaceship,,,30/09/2026 12:31
dc29509f-9b25-4521-9ff1-ff6bc1050945,lubricious.condos,available,58.99,58.99,medium,low,10,namesilo,,,24/08/2026 10:50
4a680a7b-2c9b-4450-820e-ec696be9b7dc,postscript.condos,available,58.99,58.99,high,low,10,namesilo,,,17/09/2026 06:45
60e2db38-da56-4b7c-ac4b-e4e6d32e5377,drains.condos,available,58.99,58.99,medium,low,6,namesilo,,,29/09/2026 17:12
79098a60-1f2f-4f5c-861d-eb5646b33afd,starkers.condos,available,61.98,72.98,low,low,8,namecheap,,,10/09/2026 18:51
ceb81567-2b83-4992-9974-85fe65755fc3,male.condos,available,58.99,58.99,high,low,4,namesilo,,,25/09/2026 16:34
4bacf62b-d83e-40ea-9375-6e8718cd378a,fernando.condos,available,61.98,72.98,high,low,8,namecheap,,,25/09/2026 14:20
b2344eb6-d7bf-4b70-942c-6b96492fd91c,atenolol.condos,available,61.98,72.98,medium,low,8,namecheap,,,20/09/2026 20:09
9285c222-60f8-459f-aecf-a6bfb34306f4,wikimedia.condos,available,,,high,high,9,,,,
9da31879-da71-42ba-b241-0d9fa3515887,macpherson.condos,available,46.78,46.78,medium,low,10,spaceship,,,28/09/2026 22:18
0e11e85a-ce3e-4223-9580-26d40623adcb,crashed.condos,available,46.78,46.78,low,low,7,spaceship,,,27/09/2026 11:29
9adcc6c0-e112-4344-93c3-97de33f0fc8f,whilst.condos,available,46.78,46.78,medium,low,6,spaceship,,,01/10/2026 02:11
8cf0e9df-76af-4508-9714-f77fb1345347,schedule.condos,available,45.2,45.2,high,low,8,cloudflare,,,30/09/2026 20:43
c2d7e67b-74e0-4055-9f29-4eabd9aead7a,discal.condos,available,48.37,48.37,medium,low,6,dynadot,,,30/09/2026 04:23
a97f6b49-6143-4715-8c91-0ca137861172,patrol.condos,available,58.99,58.99,high,low,6,namesilo,,,25/09/2026 23:57
3d881e43-f118-4a51-a67b-955f07401a9d,moose.condos,available,61.98,72.98,high,low,5,namecheap,,,18/09/2026 03:57
5dbf78fa-5936-4d06-beec-6cd200904916,circular.condos,available,58.99,58.99,high,low,8,namesilo,,,23/09/2026 09:44
d3904c30-9dd7-44ad-8c69-5f9b700eac87,tighten.condos,available,46.78,46.78,high,low,7,spaceship,,,29/09/2026 14:16
705b6db1-de8e-4fa9-8a8a-b92444fc186b,monkish.condos,available,58.99,58.99,medium,low,7,namesilo,,,25/08/2026 04:53
f9180927-8793-4ec4-a8c9-2b2a6b51540c,precursors.condos,available,58.99,58.99,medium,low,10,namesilo,,,21/09/2026 00:35
ab9aeae2-f501-4a95-8b33-aa9839f5f894,eve.condos,available,58.99,58.99,high,medium,3,namesilo,,,24/09/2026 15:30
ff82cbbb-c6c4-4b6a-bced-5b2eba3fb069,pegs.condos,available,71.99,75.99,medium,low,4,name.com,,,20/09/2026 09:49
5523aea3-104a-4e28-b1ae-c61a4e0e696b,durer.condos,available,58.99,58.99,medium,low,5,namesilo,,,18/09/2026 03:18
e4ddfe0c-5caa-4fca-a5f1-7dc4c57bc8e4,dominguez.condos,available,46.78,46.78,medium,low,9,spaceship,,,30/09/2026 13:47
e41b0cb4-d9c8-43ca-8b1c-a05024a9c4a4,run.condos,premium,78.54,78.54,high,medium,3,namesilo,,,19/09/2026 07:07
04952200-a1df-47d3-899e-2a7af2de001a,bali.condos,available,45.2,45.2,high,medium,4,cloudflare,,,29/09/2026 00:44
c34ae0eb-8f7d-4e84-beca-846a4b4b35f1,spaciously.condos,available,58.99,58.99,high,low,10,namesilo,,,16/09/2026 00:04
8883b6cf-199c-4baf-b4a0-1225183af0d7,beheaded.condos,available,58.99,58.99,medium,low,8,namesilo,,,09/08/2026 10:21
5bdbb8b6-dfb1-4d2d-87b1-21f41277a4f8,bilberry.condos,available,58.99,58.99,medium,low,8,namesilo,,,23/09/2026 15:37
5f513b57-3d45-420e-a56a-f96de74adefb,soaked.condos,available,58.99,58.99,medium,low,6,namesilo,,,09/08/2026 15:52
f3119fdf-63a0-4df4-9781-facbba32a887,minutes.condos,available,58.99,58.99,high,low,7,namesilo,,,30/09/2026 04:36
f1427d99-d49c-49c3-b9da-029b0f5c8f97,corpse.condos,available,58.99,58.99,medium,low,6,namesilo,,,25/09/2026 22:01
3c5651f2-b5c6-40d0-985e-02f48e83d4a9,berserker.condos,available,58.99,58.99,medium,low,9,namesilo,,,09/08/2026 15:17
754496f0-826d-43a7-9089-223834914df8,nation.condos,available,46.86,46.86,high,low,6,porkbun,,,29/09/2026 03:15
6169dc0c-fff3-4b22-ba11-082d1c2e062f,cole.condos,available,61.98,72.98,high,low,4,namecheap,,,25/09/2026 01:59
e6d7a56c-38fa-40c1-871a-b4003dc9490e,rant.condos,available,58.99,58.99,high,low,4,namesilo,,,24/09/2026 03:37
ca5d7788-7bbe-47a3-b507-136b614bad8a,agencies.condos,available,46.86,46.86,medium,low,8,porkbun,,,28/09/2026 23:07
fa74d0aa-1f1b-44a1-adbd-35c67c544fbc,surpassing.condos,available,58.99,58.99,high,low,10,namesilo,,,17/08/2026 16:03
2d69402b-b57f-44df-9404-735c76035982,lipscomb.condos,available,45.2,45.2,medium,low,8,cloudflare,,,30/09/2026 17:55
08613748-0b5d-4faa-ae3f-2dc642ec8cef,footsteps.condos,available,46.86,46.86,medium,low,9,porkbun,,,28/09/2026 12:42
0b65c5ab-6eff-4064-9f87-91bc5063b9fe,expansive.condos,available,61.98,72.98,high,low,9,namecheap,,,17/08/2026 18:00
98667332-9093-4e0f-ab8f-e51d2f4714ad,lawn.condos,available,46.78,46.78,high,low,4,spaceship,,,30/09/2026 02:21
45ceea27-eb14-4ff5-805a-ae21e441e3c6,personally.condos,available,58.99,58.99,high,low,10,namesilo,,,28/09/2026 15:35
bac7acb4-2f57-478d-9be6-16de614aa853,anuria.condos,available,58.99,58.99,medium,low,6,namesilo,,,19/09/2026 15:55
6ad2481f-c8a8-433e-9232-f49deeb2fefc,agrimonia.condos,available,61.98,72.98,medium,low,9,namecheap,,,17/09/2026 19:28
7f837715-2424-4b55-951d-429fda59679f,flute.condos,available,45.2,45.2,high,low,5,cloudflare,,,28/09/2026 13:41
534311d0-0e02-47fb-b2a9-a02bb247a62b,browse.condos,available,58.99,58.99,high,low,6,namesilo,,,29/09/2026 04:39
47cafd51-dc69-4fd1-8d1a-f5359981b560,unnoted.condos,available,61.98,72.98,medium,low,7,namecheap,,,04/09/2026 21:08
90fdf579-746c-4bf5-b5d3-4c8394037041,sensible.condos,available,58.99,58.99,high,low,8,namesilo,,,09/09/2026 11:07
917c33aa-da05-47ba-99f2-8420ae4e3a01,boarded.condos,available,58.99,58.99,high,low,7,namesilo,,,
1e78ffc7-0ead-41b9-838e-6a57d42cd284,argyle.condos,available,58.99,58.99,high,low,6,namesilo,,,20/09/2026 04:57
01b771f2-eb40-4dab-b0c1-94cec4b91b6c,nostalgic.condos,available,58.99,58.99,high,low,9,namesilo,,,03/09/2026 21:59
ed1cdf0f-59f9-47fc-8853-bce082895818,cant.condos,available,58.99,58.99,medium,low,4,namesilo,,,13/09/2026 04:09
92d73abd-c403-4fc9-99de-e12079895f33,draped.condos,available,61.98,72.98,medium,low,6,namecheap,,,14/08/2026 18:23
4f24625b-0bd8-4927-8eb4-8990d0bfb7a8,neighborhood.condos,premium,118.8,118.8,high,low,12,namesilo,,,
956c1bac-1498-43cb-a1fc-2f0b84e6ff24,hustler.condos,available,46.78,46.78,high,low,7,spaceship,,,30/09/2026 17:21
837a9046-5b59-48b3-b7a3-cf600ccb451c,reputably.condos,available,58.99,58.99,medium,low,9,namesilo,,,15/09/2026 23:17
cd109956-275f-4b9e-a38a-bdb5f978c51e,alkyd.condos,available,58.99,58.99,medium,low,5,namesilo,,,18/09/2026 08:33
38bbe46a-20f5-4c2a-855f-30077701f210,chased.condos,available,61.98,72.98,high,low,6,namecheap,,,27/09/2026 08:31
a46bdc91-773a-4cf7-aee2-90bd44d26773,worded.condos,available,58.99,58.99,medium,low,6,namesilo,,,20/09/2026 15:04
6bcb9f9b-77ec-414e-8ae5-e960ce39b621,ranch.condos,premium,78.54,78.54,high,low,5,namesilo,,,25/09/2026 22:09
2146d053-6961-429f-af83-5309db2e6599,idle.condos,available,58.99,58.99,high,low,4,namesilo,,,08/08/2026 21:52
e00670a9-f283-4495-9cb5-30491c29e252,cadiz.condos,available,45.2,45.2,medium,low,5,cloudflare,,,29/09/2026 06:11
71018a13-8244-4430-b06f-2fe67d1d16a0,nightstick.condos,available,61.98,72.98,medium,low,10,namecheap,,,23/09/2026 16:38
ae81b7a0-7150-4381-b2f4-2f12e02d82e6,kinds.condos,available,61.98,72.98,medium,low,5,namecheap,,,25/09/2026 19:57
fefdb06a-4c5b-444b-bbd7-e320705446ee,amplifiers.condos,available,58.99,58.99,medium,low,10,namesilo,,,17/09/2026 07:12
cc567fc6-be81-4136-be10-04f743cf8442,terzetto.condos,available,58.99,58.99,medium,low,8,namesilo,,,
f946cb16-bae0-4581-9d37-6dda6fa90b5f,exposure.condos,available,58.99,58.99,high,low,8,namesilo,,,08/09/2026 13:44
41d515fc-56b0-4a92-a437-00207accebd6,sumter.condos,available,45.2,45.2,medium,low,6,cloudflare,,,28/09/2026 12:23
960be311-71ef-4c51-9da9-e3b2dadd9df8,uniat.condos,available,58.99,58.99,medium,low,5,namesilo,,,12/09/2026 12:44
89433218-d899-4ecd-8266-3d8196dab635,adverbs.condos,available,58.99,58.99,medium,low,7,namesilo,,,18/09/2026 21:42
e370ff9b-02dc-44ff-91e2-d35068f8d3db,wartime.condos,available,58.99,58.99,medium,low,7,namesilo,,,30/09/2026 11:19
68fd2d5b-2288-4f10-9c29-4977f604fc65,averment.condos,available,58.99,58.99,medium,low,8,namesilo,,,20/09/2026 16:16
eaafe9bd-58e0-44f4-a048-60ccf76364e5,dicker.condos,available,58.99,58.99,high,low,6,namesilo,,,22/09/2026 05:30
5a1ea86b-05db-43a7-82e6-18c9074b72e2,haughty.condos,available,58.99,58.99,medium,low,7,namesilo,,,21/08/2026 01:24
bee3212a-267b-44bb-a0c4-8ffd46e1c3da,nullity.condos,available,58.99,58.99,medium,low,7,namesilo,,,13/09/2026 06:33
af11db84-99ff-4ace-a5d5-83f11a37126e,erica.condos,available,46.78,46.78,high,low,5,spaceship,,,29/09/2026 00:50
e7c21b24-5704-4be0-b3be-04cd7c8a1a95,het.condos,available,58.99,58.99,medium,low,3,namesilo,,,21/08/2026 02:20
b470324c-666f-42c5-a413-5a0688f909d6,bruised.condos,available,58.99,58.99,medium,low,7,namesilo,,,30/09/2026 23:32
3bbe8f62-c148-45d7-a315-2a0a2f85494a,lifting.condos,available,58.99,58.99,high,low,7,namesilo,,,28/09/2026 04:32
f07af194-ea47-4f50-b248-8d2ce3259d2a,urine.condos,available,61.98,72.98,high,low,5,namecheap,,,28/09/2026 02:54
02d13062-ced1-432c-b6ae-b7f3bd4cbfaa,ado.condos,available,58.99,58.99,high,low,3,namesilo,,,17/09/2026 09:17
6bbe3130-8518-4d30-bf64-3229495aee07,dogsit.condos,available,58.99,58.99,high,low,6,namesilo,,,
d19fc923-4df2-4695-bb49-6b89380e1fb8,mon.condos,available,58.99,58.99,high,low,3,namesilo,,,30/09/2026 05:02
072687ce-4bbe-4ca5-8a42-8b7158375ebd,filling.condos,available,58.99,58.99,high,low,7,namesilo,,,25/09/2026 22:48
31e081fe-c414-4055-91e0-da5e84d9bfd2,suggests.condos,available,48.37,48.37,medium,low,8,dynadot,,,28/09/2026 08:53
f230d61d-85b7-4763-bcd4-ef6263ce2b96,era.condos,available,46.78,46.78,high,medium,3,spaceship,,,29/09/2026 17:28
8ca72b3f-36fa-4c93-b4e5-2ce813d76235,forecast.condos,available,58.99,58.99,high,low,8,namesilo,,,21/09/2026 03:40
73c548c8-8fd5-47a5-b5bb-4fc631e91fb6,barany.condos,available,58.99,58.99,medium,low,6,namesilo,,,22/09/2026 04:13
53aeedce-ef79-4349-ba92-bc39ed81fc89,mbd.condos,available,58.99,58.99,medium,low,3,namesilo,,,17/09/2026 06:35
f4fd6b71-21ff-4345-9d51-0cf54b1e51fb,powder.condos,available,58.99,58.99,high,low,6,namesilo,,,25/09/2026 23:00
fa760ee3-c17a-4f40-904a-92927bb2a5d6,job.condos,premium,102.67,102.67,high,medium,3,spaceship,,,29/09/2026 03:34
af1d7c04-27f5-4ab8-a31c-6de8c7b63827,hut.condos,premium,128.7,128.7,high,low,3,namecheap,,,20/09/2026 07:59
79b736e7-6045-4db6-9969-cb16238ad91d,emi.condos,available,58.99,58.99,high,low,3,namesilo,,,27/09/2026 10:37
566897b8-9a5e-4fe5-a881-39040ead16b3,encamp.condos,available,58.99,58.99,medium,low,6,namesilo,,,11/08/2026 15:56
22cae8df-19bd-4e1c-b735-938b9daab371,squinty.condos,available,58.99,58.99,medium,low,7,namesilo,,,07/08/2026 03:20
04f0127a-1057-4146-8981-b842f6542407,control.condos,available,46.86,46.86,high,low,7,porkbun,,,29/09/2026 08:38
132ef1eb-a31b-4250-b9dc-31c3b94c8e6e,centennial.condos,available,58.99,58.99,high,low,10,namesilo,,,11/08/2026 23:53
f1842327-feb5-4cd2-9b66-f9164d9e903f,incompetence.condos,available,61.98,72.98,medium,low,12,namecheap,,,30/09/2026 14:30
17a48051-ee69-4735-b8c0-c0c4cf614c4f,thinner.condos,available,45.2,45.2,high,low,7,cloudflare,,,29/09/2026 06:40
9c0eeca0-0134-4010-926c-bc8f090feddd,jason.condos,available,46.78,46.78,high,medium,5,spaceship,,,30/09/2026 00:43
dbdf064e-b0f4-47d2-b538-c5453cf37551,cubic.condos,available,58.99,58.99,high,low,5,namesilo,,,13/08/2026 10:01
0f1baae4-30cc-42df-8a7f-915f3f853c11,gathered.condos,available,58.99,58.99,high,low,8,namesilo,,,12/08/2026 17:02
e04a1578-3077-4513-8b57-f6207edeb83d,hazard.condos,available,48.37,48.37,medium,low,6,dynadot,,,28/09/2026 18:59
1768c9af-337d-4327-984a-500ef8bd31b6,christiana.condos,available,58.99,58.99,medium,low,10,namesilo,,,01/10/2026 00:03
342610a4-c514-4717-8774-4ee1ccdbdb45,kleenex.condos,available,58.99,58.99,high,low,7,namesilo,,,30/09/2026 01:39
d3e3584c-4fa5-47df-981f-6ca76bb85d46,discerning.condos,available,58.99,58.99,high,low,10,namesilo,,,06/08/2026 08:23
822bf09f-9292-42ac-919e-8c0d8c919df3,largest.condos,available,46.78,46.78,medium,low,7,spaceship,,,27/09/2026 21:38
0b125446-c353-468d-8cb5-439012a31294,clovis.condos,available,45.2,45.2,medium,low,6,cloudflare,,,29/09/2026 00:26
66e00fff-1c70-4489-adc5-8c74448a2341,proves.condos,available,58.99,58.99,medium,low,6,namesilo,,,18/09/2026 07:04
cbdad7f2-3d8a-4ade-89a6-e1ca33c30940,pottery.condos,available,46.78,46.78,high,low,7,spaceship,,,29/09/2026 06:22
aa4b475c-10b3-4abb-9171-6f208247a83f,removable.condos,available,58.99,58.99,high,low,9,namesilo,,,03/09/2026 23:44
8f0cdcc2-39d7-4749-8c13-4ab2b04c87d4,taxes.condos,available,58.99,58.99,medium,low,5,namesilo,,,
2d59304c-4488-411f-85e9-fd578f56713b,abyssinia.condos,available,61.98,72.98,high,low,9,namecheap,,,16/09/2026 19:52
97838b24-1137-46b6-8314-02362a517a11,untended.condos,available,61.98,72.98,medium,low,8,namecheap,,,12/09/2026 21:11
4e527884-01e7-4adc-acd1-33b266f46cd0,suharto.condos,available,61.98,72.98,high,low,7,namecheap,,,01/10/2026 03:56
f3f4ebcb-caab-4293-bacd-3e5211f99d6e,incarnate.condos,available,58.99,58.99,high,low,9,namesilo,,,16/08/2026 09:36
87177325-3cc8-43fa-ad73-aac8306d966e,lackey.condos,available,58.99,58.99,medium,low,6,namesilo,,,20/09/2026 15:38
a69f74f0-c7c3-423e-8dc9-76cb5d03eef4,elmore.condos,available,58.99,58.99,medium,low,6,namesilo,,,29/09/2026 10:03
92c1629d-445d-49d3-959f-d9940dc387d3,thievery.condos,available,58.99,58.99,medium,low,8,namesilo,,,11/09/2026 13:20
556d8911-1991-4f27-a65b-ac13e28d68fb,natasha.condos,available,45.2,45.2,medium,low,7,cloudflare,,,28/09/2026 11:59
aae8c29d-f0ce-4421-9fd0-87a571562adc,paper.condos,available,48.37,48.37,high,low,5,dynadot,,,30/09/2026 05:39
5e143a5e-5888-444f-a3ac-9165a0e16bb5,futurist.condos,available,61.98,72.98,high,low,8,namecheap,,,18/08/2026 19:19
fd16aa8e-256e-49f4-a1f4-55b23d3d3764,steel.condos,available,45.2,45.2,high,low,5,cloudflare,,,30/09/2026 05:36
f4fb7fc2-9ea6-44f9-9a13-86fd974387f0,kiss.condos,available,58.99,58.99,high,low,4,namesilo,,,29/09/2026 05:31
57a54b7c-31bd-4b1d-9a2d-020daa5cfd6a,ache.condos,available,58.99,58.99,medium,low,4,namesilo,,,
5971a141-86c6-45f7-aa0f-ed8c2b0031ed,nought.condos,available,58.99,58.99,high,low,6,namesilo,,,21/09/2026 10:34
e24c5e08-4db9-4973-85c8-e57fdd7dacb9,explosive.condos,available,58.99,58.99,high,low,9,namesilo,,,17/08/2026 18:33
21c99742-2801-41df-b199-b55c0ef48d0e,plumb.condos,available,58.99,58.99,high,low,5,namesilo,,,12/08/2026 10:05
67c65398-4a0c-424e-9152-db9194c42273,advances.condos,available,45.2,45.2,medium,low,8,cloudflare,,,28/09/2026 23:36
2772208d-ec9a-43ca-ba5d-e6c6e23b1f67,viatical.condos,available,58.99,58.99,medium,low,8,namesilo,,,13/09/2026 05:03
de0f59dc-51ed-4041-939e-a3e9590a6005,civilised.condos,available,58.99,58.99,high,low,9,namesilo,,,12/08/2026 09:08
db7909be-bf4f-4d73-a7c4-a74fe93c5487,speeding.condos,available,58.99,58.99,high,low,8,namesilo,,,25/09/2026 06:47
83c6de4f-3f8b-4b64-9d75-43c5044d38a0,dickinson.condos,available,58.99,58.99,high,low,9,namesilo,,,25/09/2026 04:53
1f4409bd-b1f0-4056-a2e8-69649cd52bdb,shoved.condos,available,45.2,45.2,low,low,6,cloudflare,,,01/10/2026 00:52
3ea89385-cd75-4610-b36b-7659c474eff8,word.condos,available,61.98,72.98,high,low,4,namecheap,,,29/09/2026 02:21
fcc30d1c-f5a4-460b-9265-320b83dac575,milne.condos,available,58.99,58.99,medium,low,5,namesilo,,,16/09/2026 12:53
33f2a600-9137-4ad1-9761-f575eacd858f,psychiatry.condos,available,46.78,46.78,high,low,10,spaceship,,,29/09/2026 20:04
e278bfa5-7574-4043-a3cb-b9c4f6776f52,applying.condos,available,45.2,45.2,medium,low,8,cloudflare,,,28/09/2026 17:22
15dae7c7-91c6-4a97-9a2f-98b560d61b12,anal.condos,available,58.99,58.99,high,low,4,namesilo,,,
65834edf-2d82-4b21-a5fc-ed7e8793e52e,eloquent.condos,available,58.99,58.99,high,low,8,namesilo,,,16/08/2026 06:14
ec4a1af2-f6cb-4a2c-9c73-afb66ff9e14a,sweet.condos,available,61.98,72.98,high,low,5,namecheap,,,30/09/2026 21:35
00426dca-879f-461d-9221-fedda15dda2d,slip.condos,available,58.99,58.99,high,low,4,namesilo,,,27/09/2026 22:41
87040af3-9655-4c63-a8dc-0a13f73aba1e,cuff.condos,available,58.99,58.99,medium,low,4,namesilo,,,29/09/2026 00:32
becf8c4d-6a53-40d2-8558-647cc8a8cebe,shepherd.condos,available,46.78,46.78,high,low,8,spaceship,,,28/09/2026 03:05
2cc10bf5-adb4-4384-8728-5c9747a79c76,fable.condos,available,58.99,58.99,high,low,5,namesilo,,,18/09/2026 10:35
dea27dc6-0614-4fbb-b084-8b176ae0d39b,cadge.condos,available,58.99,58.99,medium,low,5,namesilo,,,11/08/2026 09:28
ff477dfc-093b-487a-b97b-4480c5cc06e9,homosexuality.condos,available,46.78,46.78,medium,low,13,spaceship,,,29/09/2026 10:16
9b90dbd6-73b9-4407-b449-c503f3e5c6ec,emily.condos,available,58.99,58.99,high,medium,5,namesilo,,,25/09/2026 14:07
25ce95ce-9419-4ce8-b10d-e485e48b9571,earthling.condos,available,58.99,58.99,high,low,9,namesilo,,,11/09/2026 10:43
cf7f3dc3-a731-4ab9-b419-1b499ea031c7,endings.condos,available,61.98,72.98,medium,low,7,namecheap,,,29/09/2026 17:30
d6be2ea6-a638-4327-ba80-2a62b9d4aa26,continents.condos,available,58.99,58.99,medium,low,10,namesilo,,,18/09/2026 12:00
95f3ace4-91d1-444a-be82-8f261f8aa619,moveable.condos,available,58.99,58.99,high,low,8,namesilo,,,25/08/2026 09:05
7cb87e8a-6319-40aa-9fc2-dfad16476897,measure.condos,available,58.99,58.99,high,low,7,namesilo,,,28/09/2026 00:35
35c340f3-3daf-4abc-b429-a1a5f2dce8df,flipping.condos,available,61.98,72.98,high,low,8,namecheap,,,17/09/2026 18:25
560b330b-26f9-4276-9bbc-1d474f19b8f9,oss.condos,available,46.78,46.78,high,low,3,spaceship,,,28/09/2026 21:16
757aca60-2628-4048-86d6-c0e138de0176,aegina.condos,available,61.98,72.98,medium,low,6,namecheap,,,17/09/2026 12:15
8b819aab-d0a0-47ff-8332-9d357fb73430,supporting.condos,available,45.2,45.2,high,low,10,cloudflare,,,28/09/2026 02:02
1a32592c-fd57-47eb-816c-50b2f478d65c,utopian.condos,available,58.99,58.99,high,low,7,namesilo,,,13/09/2026 00:12
ed3db54a-39e2-4e84-bb2b-1fe75649d67e,canyon.condos,available,58.99,58.99,high,low,6,namesilo,,,28/09/2026 05:22
624809ec-0b44-42fa-8db9-fd57140f6238,vindicator.condos,available,61.98,72.98,medium,low,10,namecheap,,,19/09/2026 18:48
566d7c1a-dbbd-41e6-b628-3f55a03557bd,indicated.condos,available,46.86,46.86,medium,low,9,porkbun,,,28/09/2026 12:56
9c88be69-66b5-48c4-9b59-d488385f9aa4,cheeky.condos,available,58.99,58.99,high,low,6,namesilo,,,11/08/2026 02:26
908eec3c-9c97-4687-affb-7bdcf1cd40d5,technologist.condos,available,48.37,48.37,high,low,12,dynadot,,,30/09/2026 02:33
a8f9ac8c-c737-400d-82ac-cfabae45613a,tocsin.condos,available,58.99,58.99,medium,low,6,namesilo,,,18/09/2026 01:57
1f8d3914-2f95-457f-8978-165feafc3a1f,runs.condos,available,58.99,58.99,high,low,4,namesilo,,,17/09/2026 13:37
872f61a0-7f2c-4aec-a4f6-d7d0c30d8365,amoy.condos,available,61.98,72.98,medium,low,4,namecheap,,,18/09/2026 23:05
71a76fcb-be12-4444-8393-1ea199ebeed7,deemed.condos,available,58.99,58.99,high,low,6,namesilo,,,29/09/2026 23:04
5f8062b3-81c7-490c-93c1-5ce35a90e1ea,ailurus.condos,available,61.98,72.98,medium,low,7,namecheap,,,17/09/2026 21:19
e669a08b-0871-4956-b0b4-db73b9f6879d,anhidrosis.condos,available,61.98,72.98,medium,low,10,namecheap,,,19/09/2026 07:47
15ab8663-a426-433a-9f12-7dcfecb98a85,torpedoes.condos,available,46.78,46.78,low,low,9,spaceship,,,29/09/2026 11:10
6fb9e797-397f-4a1b-bd9c-9b4e79bdc4b1,acoustics.condos,available,61.98,72.98,high,low,9,namecheap,,,17/09/2026 02:36
36957612-caf5-407b-8ffc-0af479820d9d,literatim.condos,available,58.99,58.99,medium,low,9,namesilo,,,15/09/2026 12:34
45806bab-ec42-4e53-809d-a4000e07cbeb,growling.condos,available,46.78,46.78,medium,low,8,spaceship,,,30/09/2026 09:58
8d3b4435-377c-4577-8f19-420abaf19443,miri.condos,available,58.99,58.99,high,low,4,namesilo,,,16/09/2026 16:35
5df243c5-2434-45a6-842c-a0c281d664e5,geodetic.condos,available,58.99,58.99,medium,low,8,namesilo,,,18/08/2026 22:21
d76e43d6-6571-49ac-903d-9b448b157422,johnstone.condos,available,46.86,46.86,high,low,9,porkbun,,,27/09/2026 23:26
bdab5c9e-5905-4cf1-bebc-4dd40580ebfd,pedro.condos,available,45.2,45.2,high,low,5,cloudflare,,,28/09/2026 03:54
7bf74b27-5a96-49ee-b8d7-3a1bad55cd5a,wickham.condos,available,58.99,58.99,medium,low,7,namesilo,,,29/09/2026 05:45
311cba82-a8c4-478c-9ddc-84e212029be8,companions.condos,available,46.78,46.78,medium,low,10,spaceship,,,29/09/2026 05:19
6b87ddbb-e70e-489a-b10a-de1b017b892c,discovers.condos,available,46.78,46.78,low,low,9,spaceship,,,29/09/2026 11:07
e1cf6ed6-a75c-4ef3-8a36-f0561dbe4171,marathon.condos,available,58.99,58.99,high,low,8,namesilo,,,22/09/2026 15:29
b57c128c-5835-43f9-9bfe-57d8889e890e,sears.condos,available,45.2,45.2,high,low,5,cloudflare,,,29/09/2026 04:28
f1c32762-9512-4da4-a932-411bb1b04de0,woozy.condos,available,58.99,58.99,medium,low,5,namesilo,,,14/08/2026 14:06
5ed875bc-70f0-403b-a4cb-e278d9bf16c2,arquebus.condos,available,58.99,58.99,medium,low,8,namesilo,,,20/09/2026 08:40
f9e12bea-9c59-4bb0-8920-7ba8257eaccc,rooms.condos,available,46.78,46.78,high,low,5,spaceship,,,30/09/2026 10:23
57ba0fb8-455e-47c0-8aa6-c63458dfee95,nonsocial.condos,available,61.98,72.98,medium,low,9,namecheap,,,03/09/2026 19:18
5d8de460-5c2e-4da6-b633-880485745018,nutriment.condos,available,58.99,58.99,medium,low,9,namesilo,,,18/09/2026 07:52
260966d1-f3c3-4f5b-8c35-305e5859d5e1,acarina.condos,available,61.98,72.98,medium,low,7,namecheap,,,16/09/2026 21:31
a736f76d-0927-4c14-ae06-6d882c3def10,elect.condos,available,58.99,58.99,high,low,5,namesilo,,,16/08/2026 02:30
8d448fdb-3aa6-49fe-ac38-71f6373d86ab,anus.condos,available,61.98,72.98,medium,low,4,namecheap,,,19/09/2026 15:56
8bd1b627-3386-4166-8998-2306af974316,grower.condos,available,61.98,72.98,high,low,6,namecheap,,,17/09/2026 19:21
e4f80f44-4140-4b00-a9fd-b706b2d23399,swinburne.condos,available,58.99,58.99,medium,low,9,namesilo,,,18/09/2026 07:03
02076ad3-8d35-4c8f-826e-6f96ed54b961,zach.condos,available,58.99,58.99,high,medium,4,namesilo,,,28/09/2026 04:11
ce92b40d-62c9-4485-93ec-3ab998bf9aa9,saintly.condos,available,58.99,58.99,high,low,7,namesilo,,,
2956227d-c6cc-4bf2-b1e1-d76fa3069bf6,tubeless.condos,available,61.98,72.98,medium,low,8,namecheap,,,11/09/2026 20:58
fdeebcd0-f712-4965-b040-568e76d429a7,corporation.condos,available,46.78,46.78,high,low,11,spaceship,,,27/09/2026 16:41
fcb2d2c8-d822-4f91-a79a-a0ac0ae744f3,bullheaded.condos,available,58.99,58.99,medium,low,10,namesilo,,,11/08/2026 08:30
51d0716d-c22e-4b1b-a55d-ee79b513d322,principle.condos,available,45.2,45.2,high,low,9,cloudflare,,,27/09/2026 15:26
0890cf1f-1e01-4c10-a244-97a1b18f5247,microbial.condos,available,58.99,58.99,medium,low,9,namesilo,,,08/09/2026 09:41
d55f33d4-0ca1-4712-832f-b69a08abaf33,cleaners.condos,available,58.99,58.99,high,low,8,namesilo,,,24/09/2026 15:26
f9816577-4b26-49f9-ae76-51951bb343a8,bracing.condos,available,58.99,58.99,high,low,7,namesilo,,,11/08/2026 00:30
feab2732-83ee-475d-8f57-fec4762ae4e8,sash.condos,available,58.99,58.99,high,low,4,namesilo,,,01/10/2026 01:27
014ee67e-2967-48e1-ac48-99d3d846d7b0,wires.condos,available,46.78,46.78,medium,low,5,spaceship,,,28/09/2026 04:36
cf7c9ec1-607b-4f96-855c-83d7cd736bbc,shank.condos,available,58.99,58.99,medium,low,5,namesilo,,,01/10/2026 03:41
03db17fe-b010-455e-b3ff-6b5475c195df,taciturn.condos,available,58.99,58.99,medium,low,8,namesilo,,,11/09/2026 06:58
028500b9-2d95-4cd1-94bf-b61a27e92303,thought.condos,available,45.2,45.2,high,low,7,cloudflare,,,28/09/2026 09:13
c563c84e-31a2-4b80-94bc-585d789e24e5,trichrome.condos,available,61.98,72.98,medium,low,9,namecheap,,,11/09/2026 19:24
3a279958-3a4b-4be1-a13d-b66501e3df08,playful.condos,available,61.98,72.98,high,low,7,namecheap,,,08/09/2026 20:58